-834,-437,50,-2.139
-834.274,-437.418,50.1884,-2.164
-834.559,-437.829,50.3769,-2.189
-834.854,-438.233,50.5653,-2.214
-835.159,-438.629,50.7537,-2.239
-835.473,-439.018,50.9421,-2.264
-835.798,-439.398,51.1306,-2.289
-836.131,-439.771,51.319,-2.314
-836.474,-440.135,51.5074,-2.339
-836.826,-440.49,51.6958,-2.364
-837.187,-440.836,51.8843,-2.389
-837.556,-441.173,52.0727,-2.414
-837.933,-441.501,52.2611,-2.439
-838.319,-441.819,52.4496,-2.464
-838.712,-442.128,52.638,-2.489
-839.113,-442.426,52.8264,-2.514
-839.522,-442.715,53.0148,-2.539
-839.937,-442.993,53.2033,-2.564
-840.359,-443.261,53.3917,-2.589
-840.788,-443.518,53.5801,-2.614
-841.223,-443.764,53.7685,-2.639
-841.665,-444,53.957,-2.664
-842.111,-444.224,54.1454,-2.689
-842.564,-444.437,54.3338,-2.714
-843.021,-444.639,54.5223,-2.739
-843.484,-444.829,54.7107,-2.764
-843.951,-445.007,54.8991,-2.789
-844.422,-445.174,55.0875,-2.814
-844.897,-445.329,55.276,-2.839
-845.377,-445.472,55.4644,-2.864
-845.859,-445.603,55.6528,-2.889
-846.345,-445.722,55.8412,-2.914
-846.833,-445.829,56.0297,-2.939
-847.324,-445.923,56.2181,-2.964
-847.817,-446.005,56.4065,-2.989
-848.312,-446.075,56.595,-3.014
-848.809,-446.132,56.7834,-3.039
-849.307,-446.177,56.9718,-3.064
-849.806,-446.21,57.1602,-3.089
-850.306,-446.23,57.3487,-3.114
-850.806,-446.238,57.5371,-3.139
-851.305,-446.233,57.7255,3.11919
-851.805,-446.215,57.9139,3.09419
-852.304,-446.185,58.1024,3.06919
-852.802,-446.143,58.2908,3.04419
-853.299,-446.088,58.4792,3.01919
-853.795,-446.021,58.6677,2.99419
-854.288,-445.941,58.8561,2.96919
-854.78,-445.849,59.0445,2.94419
-855.269,-445.745,59.2329,2.91919
-855.755,-445.629,59.4214,2.89419
-856.238,-445.5,59.6098,2.86919
-856.718,-445.36,59.7982,2.84419
-857.194,-445.207,59.9866,2.81919
-857.667,-445.043,60.1751,2.79419
-858.135,-444.867,60.3635,2.76919
-858.598,-444.679,60.5519,2.74419
-859.057,-444.48,60.7404,2.71919
-859.51,-444.269,60.9288,2.69419
-859.958,-444.047,61.1172,2.66919
-860.4,-443.814,61.3056,2.64419
-860.837,-443.57,61.4941,2.61919
-861.267,-443.315,61.6825,2.59419
-861.691,-443.05,61.8709,2.56919
-862.107,-442.774,62.0593,2.54419
-862.517,-442.487,62.2478,2.51919
-862.92,-442.191,62.4362,2.49419
-863.315,-441.884,62.6246,2.46919
-863.702,-441.568,62.813,2.44419
-863.704,-441.566,63.0015,2.44071
-863.916,-441.388,63.1899,2.44071
-864.127,-441.209,63.3783,2.44071
-864.339,-441.031,63.5668,2.44071
-864.55,-440.852,63.7552,2.44071
-864.761,-440.674,63.9436,2.44071
-864.973,-440.495,64.132,2.44071
-865.184,-440.317,64.3205,2.44071
-865.396,-440.139,64.5089,2.44071
-865.607,-439.96,64.6973,2.44071
-865.819,-439.782,64.8857,2.44071
-866.03,-439.603,65.0742,2.44071
-866.242,-439.425,65.2626,2.44071
-866.453,-439.247,65.451,2.44071
-866.664,-439.068,65.6395,2.44071
-866.876,-438.89,65.8279,2.44071
-867.087,-438.711,66.0163,2.44071
-867.299,-438.533,66.2047,2.44071
-867.51,-438.354,66.3932,2.44071
-867.722,-438.176,66.5816,2.44071
-867.933,-437.998,66.77,2.44071
-868.145,-437.819,66.9584,2.44071
-868.356,-437.641,67.1469,2.44071
-868.568,-437.462,67.3353,2.44071
-868.779,-437.284,67.5237,2.44071
-868.99,-437.105,67.7122,2.44071
-869.202,-436.927,67.9006,2.44071
-869.413,-436.749,68.089,2.44071
-869.625,-436.57,68.2774,2.44071
-869.836,-436.392,68.4659,2.44071
-870.048,-436.213,68.6543,2.44071
-870.259,-436.035,68.8427,2.44071
-870.471,-435.857,69.0311,2.44071
-870.682,-435.678,69.2196,2.44071
-870.893,-435.5,69.408,2.44071
-871.105,-435.321,69.5964,2.44071
-871.316,-435.143,69.7849,2.44071
-871.528,-434.964,69.9733,2.44071
-871.739,-434.786,70.1617,2.44071
-871.951,-434.608,70.3501,2.44071
-872.162,-434.429,70.5386,2.44071
-872.374,-434.251,70.727,2.44071
-872.585,-434.072,70.9154,2.44071
-872.797,-433.894,71.1038,2.44071
-873.008,-433.715,71.2923,2.44071
-873.219,-433.537,71.4807,2.44071
-873.431,-433.359,71.6691,2.44071
-873.642,-433.18,71.8576,2.44071
-873.854,-433.002,72.046,2.44071
-874.065,-432.823,72.2344,2.44071
-874.277,-432.645,72.4228,2.44071
-874.488,-432.467,72.6113,2.44071
-874.7,-432.288,72.7997,2.44071
-874.911,-432.11,72.9881,2.44071
-875.122,-431.931,73.1765,2.44071
-875.334,-431.753,73.365,2.44071
-875.545,-431.574,73.5534,2.44071
-875.757,-431.396,73.7418,2.44071
-875.968,-431.218,73.9303,2.44071
-876.18,-431.039,74.1187,2.44071
-876.391,-430.861,74.3071,2.44071
-876.603,-430.682,74.4955,2.44071
-876.814,-430.504,74.684,2.44071
-877.026,-430.325,74.8724,2.44071
-877.237,-430.147,75.0608,2.44071
-877.448,-429.969,75.2492,2.44071
-877.66,-429.79,75.4377,2.44071
-877.871,-429.612,75.6261,2.44071
-878.083,-429.433,75.8145,2.44071
-878.294,-429.255,76.003,2.44071
-878.506,-429.076,76.1914,2.44071
-878.717,-428.898,76.3798,2.44071
-878.929,-428.72,76.5682,2.44071
-879.14,-428.541,76.7567,2.44071
-879.351,-428.363,76.9451,2.44071
-879.563,-428.184,77.1335,2.44071
-879.774,-428.006,77.3219,2.44071
-879.986,-427.828,77.5104,2.44071
-880.197,-427.649,77.6988,2.44071
-880.409,-427.471,77.8872,2.44071
-880.62,-427.292,78.0757,2.44071
-880.832,-427.114,78.2641,2.44071
-881.043,-426.935,78.4525,2.44071
-881.255,-426.757,78.6409,2.44071
-881.466,-426.579,78.8294,2.44071
-881.677,-426.4,79.0178,2.44071
-881.889,-426.222,79.2062,2.44071
-882.1,-426.043,79.3946,2.44071
-882.312,-425.865,79.5831,2.44071
-882.523,-425.686,79.7715,2.44071
-882.735,-425.508,79.9599,2.44071
-882.946,-425.33,80.1484,2.44071
-883.158,-425.151,80.3368,2.44071
-883.369,-424.973,80.5252,2.44071
-883.58,-424.794,80.7136,2.44071
-883.792,-424.616,80.9021,2.44071
-884.003,-424.438,81.0905,2.44071
-884.215,-424.259,81.2789,2.44071
-884.426,-424.081,81.4673,2.44071
-884.638,-423.902,81.6558,2.44071
-884.849,-423.724,81.8442,2.44404
-885.236,-423.408,82.0326,2.46904
-885.631,-423.101,82.2211,2.49404
-886.034,-422.804,82.4095,2.51904
-886.444,-422.518,82.5979,2.54404
-886.86,-422.242,82.7863,2.56904
-887.284,-421.976,82.9748,2.59404
-887.714,-421.721,83.1632,2.61904
-888.151,-421.477,83.3516,2.64404
-888.593,-421.244,83.54,2.66904
-889.041,-421.022,83.7285,2.69404
-889.494,-420.811,83.9169,2.71904
-889.953,-420.612,84.1053,2.74404
-890.416,-420.424,84.2937,2.76904
-890.884,-420.248,84.4822,2.79404
-891.356,-420.084,84.6706,2.81904
-891.832,-419.931,84.859,2.84404
-892.312,-419.79,85.0475,2.86904
-892.795,-419.662,85.2359,2.89404
-893.282,-419.545,85.4243,2.91904
-893.771,-419.441,85.6127,2.94404
-894.262,-419.349,85.8012,2.96904
-894.756,-419.27,85.9896,2.99404
-895.251,-419.202,86.178,3.01904
-895.748,-419.147,86.3664,3.04404
-896.246,-419.105,86.5549,3.06904
-896.745,-419.075,86.7433,3.09404
-896.996,-419.065,86.9317,3.10657
-897.495,-419.041,86.887,3.08157
-897.62,-419.033,86.8423,3.07479
-898.169,-418.996,86.7976,3.07479
-898.718,-418.959,86.7529,3.07479
-899.267,-418.923,86.7082,3.07479
-899.816,-418.886,86.6635,3.07479
-900.365,-418.849,86.6187,3.07479
-900.914,-418.812,86.574,3.07479
-901.462,-418.776,86.5293,3.07479
-902.011,-418.739,86.4846,3.07479
-902.56,-418.702,86.4399,3.07479
-903.109,-418.666,86.3952,3.07479
-903.658,-418.629,86.3505,3.07479
-904.207,-418.592,86.3058,3.07479
-904.756,-418.555,86.2611,3.07479
-905.305,-418.519,86.2163,3.07479
-905.853,-418.482,86.1716,3.07479
-906.402,-418.445,86.1269,3.07479
-906.951,-418.409,86.0822,3.07479
-907.5,-418.372,86.0375,3.07479
-908.049,-418.335,85.9928,3.07479
-908.598,-418.298,85.9481,3.07479
-909.147,-418.262,85.9034,3.07479
-909.696,-418.225,85.8587,3.07479
-910.244,-418.188,85.8139,3.07479
-910.793,-418.151,85.7692,3.07479
-911.342,-418.115,85.7245,3.07479
-911.891,-418.078,85.6798,3.07479
-912.44,-418.041,85.6351,3.07479
-912.989,-418.005,85.5904,3.07479
-913.538,-417.968,85.5457,3.07479
-914.087,-417.931,85.501,3.07479
-914.635,-417.894,85.4562,3.07479
-915.184,-417.858,85.4115,3.07479
-915.733,-417.821,85.3668,3.07479
-916.282,-417.784,85.3221,3.07479
-916.831,-417.748,85.2774,3.07479
-917.38,-417.711,85.2327,3.07479
-917.929,-417.674,85.188,3.07479
-918.478,-417.637,85.1433,3.07479
-919.026,-417.601,85.0986,3.07479
-919.575,-417.564,85.0538,3.07479
-920.124,-417.527,85.0091,3.07479
-920.673,-417.49,84.9644,3.07479
-921.222,-417.454,84.9197,3.07479
-921.771,-417.417,84.875,3.07479
-922.32,-417.38,84.8303,3.07479
-922.869,-417.344,84.7856,3.07479
-923.417,-417.307,84.7409,3.07479
-923.966,-417.27,84.6961,3.07479
-924.515,-417.233,84.6514,3.07479
-925.064,-417.197,84.6067,3.07479
-925.613,-417.16,84.562,3.07479
-926.162,-417.123,84.5173,3.07479
-926.711,-417.087,84.4726,3.07479
-927.26,-417.05,84.4279,3.07479
-927.808,-417.013,84.3832,3.07479
-928.357,-416.976,84.3385,3.07479
-928.906,-416.94,84.2937,3.07479
-929.455,-416.903,84.249,3.07479
-930.004,-416.866,84.2043,3.07479
-930.553,-416.829,84.1596,3.07479
-931.102,-416.793,84.1149,3.07479
-931.651,-416.756,84.0702,3.07479
-932.199,-416.719,84.0255,3.07479
-932.748,-416.683,83.9808,3.07479
-933.297,-416.646,83.9361,3.07479
-933.846,-416.609,83.8913,3.07479
-934.395,-416.572,83.8466,3.07479
-934.944,-416.536,83.8019,3.07479
-935.493,-416.499,83.7572,3.07479
-936.042,-416.462,83.7125,3.07479
-936.59,-416.426,83.6678,3.07479
-937.139,-416.389,83.6231,3.07479
-937.688,-416.352,83.5784,3.07479
-938.237,-416.315,83.5336,3.07479
-938.786,-416.279,83.4889,3.07479
-939.335,-416.242,83.4442,3.07479
-939.884,-416.205,83.3995,3.07479
-940.433,-416.168,83.3548,3.07479
-940.981,-416.132,83.3101,3.07479
-941.53,-416.095,83.2654,3.07479
-942.079,-416.058,83.2207,3.07479
-942.628,-416.022,83.176,3.07479
-943.177,-415.985,83.1312,3.07479
-943.726,-415.948,83.0865,3.07479
-944.275,-415.911,83.0418,3.07479
-944.824,-415.875,82.9971,3.07479
-945.372,-415.838,82.9524,3.07479
-945.921,-415.801,82.9077,3.07479
-946.47,-415.764,82.863,3.07479
-947.019,-415.728,82.8183,3.07479
-947.568,-415.691,82.7736,3.07479
-948.117,-415.654,82.7288,3.07479
-948.666,-415.618,82.6841,3.07479
-949.215,-415.581,82.6394,3.07479
-949.763,-415.544,82.5947,3.07479
-950.312,-415.507,82.55,3.07479
-950.861,-415.471,82.5053,3.07479
-951.41,-415.434,82.4606,3.07479
-951.959,-415.397,82.4159,3.07479
-952.508,-415.361,82.3711,3.0753
-953.007,-415.334,82.3264,3.1003
-953.507,-415.319,82.2817,3.1253
-954.007,-415.317,82.237,-3.13289
-954.507,-415.328,82.1923,-3.10789
-955.006,-415.351,82.1476,-3.08289
-955.505,-415.387,82.1029,-3.05789
-956.003,-415.435,82.0582,-3.03289
-956.499,-415.495,82.0135,-3.00789
-956.994,-415.568,81.9687,-2.98289
-957.486,-415.653,81.924,-2.95789
-957.977,-415.751,81.8793,-2.93289
-958.464,-415.86,81.8346,-2.90789
-958.949,-415.982,81.7899,-2.88289
-959.431,-416.116,81.7452,-2.85789
-959.909,-416.262,81.7005,-2.83289
-960.384,-416.42,81.6558,-2.80789
-960.854,-416.59,81.611,-2.78289
-961.32,-416.771,81.5663,-2.75789
-961.781,-416.964,81.5216,-2.73289
-962.238,-417.168,81.4769,-2.70789
-962.689,-417.384,81.4322,-2.68289
-963.134,-417.611,81.3875,-2.65789
-963.574,-417.849,81.3428,-2.63289
-964.007,-418.098,81.2981,-2.60789
-964.435,-418.358,81.2534,-2.58289
-964.855,-418.628,81.2086,-2.55789
-965.269,-418.909,81.1639,-2.53289
-965.675,-419.2,81.1192,-2.50789
-966.075,-419.501,81.0745,-2.48289
-966.466,-419.812,81.0298,-2.45789
-966.85,-420.132,80.9851,-2.43289
-967.225,-420.463,80.9404,-2.40789
-967.464,-420.681,80.8957,-2.3917
-967.834,-421.018,80.6505,-2.4167
-968.213,-421.344,80.4052,-2.4417
-968.599,-421.662,80.16,-2.4667
-968.993,-421.969,79.9148,-2.4917
-969.186,-422.114,79.6696,-2.5042
-969.464,-422.32,79.4244,-2.5042
-969.742,-422.525,79.1792,-2.5042
-970.02,-422.731,78.934,-2.5042
-970.297,-422.937,78.6888,-2.5042
-970.575,-423.143,78.4436,-2.5042
-970.853,-423.348,78.1984,-2.5042
-971.131,-423.554,77.9532,-2.5042
-971.409,-423.76,77.708,-2.5042
-971.687,-423.966,77.4627,-2.5042
-971.965,-424.172,77.2175,-2.5042
-972.243,-424.377,76.9723,-2.5042
-972.521,-424.583,76.7271,-2.5042
-972.799,-424.789,76.4819,-2.5042
-973.076,-424.995,76.2367,-2.5042
-973.354,-425.2,75.9915,-2.5042
-973.632,-425.406,75.7463,-2.5042
-973.91,-425.612,75.5011,-2.5042
-974.188,-425.818,75.2559,-2.5042
-974.466,-426.024,75.0107,-2.5042
-974.744,-426.229,74.7655,-2.5042
-975.022,-426.435,74.5202,-2.5042
-975.3,-426.641,74.275,-2.5042
-975.577,-426.847,74.0298,-2.5042
-975.855,-427.052,73.7846,-2.5042
-976.133,-427.258,73.5394,-2.5042
-976.411,-427.464,73.2942,-2.5042
-976.689,-427.67,73.049,-2.5042
-976.967,-427.876,72.8038,-2.5042
-977.245,-428.081,72.5586,-2.5042
-977.523,-428.287,72.3134,-2.5042
-977.801,-428.493,72.0682,-2.5042
-978.079,-428.699,71.823,-2.5042
-978.356,-428.904,71.5778,-2.5042
-978.634,-429.11,71.3325,-2.5042
-978.912,-429.316,71.0873,-2.5042
-979.19,-429.522,70.8421,-2.5042
-979.468,-429.728,70.5969,-2.5042
-979.746,-429.933,70.3517,-2.5042
-980.024,-430.139,70.1065,-2.5042
-980.302,-430.345,69.8613,-2.5042
-980.58,-430.551,69.6161,-2.5042
-980.857,-430.756,69.3709,-2.5042
-981.135,-430.962,69.1257,-2.5042
-981.413,-431.168,68.8805,-2.5042
-981.691,-431.374,68.6353,-2.5042
-981.969,-431.58,68.39,-2.5042
-982.247,-431.785,68.1448,-2.5042
-982.525,-431.991,67.8996,-2.5042
-982.803,-432.197,67.6544,-2.5042
-983.081,-432.403,67.4092,-2.5042
-983.359,-432.608,67.164,-2.5042
-983.636,-432.814,66.9188,-2.5042
-983.914,-433.02,66.6736,-2.5042
-984.192,-433.226,66.4284,-2.5042
-984.47,-433.432,66.1832,-2.5042
-984.748,-433.637,65.938,-2.5042
-985.026,-433.843,65.6928,-2.5042
-985.304,-434.049,65.4475,-2.5042
-985.582,-434.255,65.2023,-2.5042
-985.86,-434.46,64.9571,-2.5042
-986.137,-434.666,64.7119,-2.5042
-986.415,-434.872,64.4667,-2.5042
-986.693,-435.078,64.2215,-2.5042
-986.971,-435.284,63.9763,-2.5042
-987.249,-435.489,63.7311,-2.5042
-987.527,-435.695,63.4859,-2.5042
-987.805,-435.901,63.2407,-2.5042
-988.083,-436.107,62.9955,-2.5042
-988.361,-436.312,62.7503,-2.5042
-988.639,-436.518,62.505,-2.5042
-988.916,-436.724,62.2598,-2.5042
-989.194,-436.93,62.0146,-2.5042
-989.472,-437.136,61.7694,-2.5042
-989.75,-437.341,61.5242,-2.5042
-990.028,-437.547,61.279,-2.5042
-990.306,-437.753,61.0338,-2.5042
-990.584,-437.959,60.7886,-2.5042
-990.862,-438.164,60.5434,-2.5042
-991.14,-438.37,60.2982,-2.5042
-991.417,-438.576,60.053,-2.5042
-991.695,-438.782,59.8078,-2.5042
-991.973,-438.988,59.5625,-2.5042
-992.251,-439.193,59.3173,-2.5042
-992.529,-439.399,59.0721,-2.5042
-992.807,-439.605,58.8269,-2.5042
-993.085,-439.811,58.5817,-2.5042
-993.363,-440.016,58.3365,-2.5042
-993.641,-440.222,58.0913,-2.5042
-993.918,-440.428,57.8461,-2.5042
-994.196,-440.634,57.6009,-2.5042
-994.474,-440.84,57.3557,-2.5042
-994.752,-441.045,57.1105,-2.5042
-995.03,-441.251,56.8653,-2.5042
-995.308,-441.457,56.62,-2.5042
-995.586,-441.663,56.3748,-2.5042
-995.864,-441.868,56.1296,-2.5042
-996.142,-442.074,55.8844,-2.5042
-996.42,-442.28,55.6392,-2.5042
-996.697,-442.486,55.394,-2.5042
-996.975,-442.692,55.1488,-2.50374
-997.373,-442.994,54.9036,-2.47874
-997.763,-443.307,54.6584,-2.45374
-998.146,-443.629,54.4132,-2.42874
-998.52,-443.961,54.168,-2.40374
-998.886,-444.302,53.9228,-2.37874
-999.082,-444.492,53.6775,-2.3651
-999.443,-444.837,53.6918,-2.3901
-999.812,-445.174,53.706,-2.4151
-1000.19,-445.502,53.7203,-2.4401
-1000.58,-445.82,53.7345,-2.4651
-1000.97,-446.128,53.7488,-2.4901
-1001.37,-446.426,53.763,-2.5151
-1001.78,-446.714,53.7773,-2.5401
-1002.2,-446.992,53.7915,-2.5651
-1002.62,-447.259,53.8057,-2.5901
-1003.05,-447.516,53.82,-2.6151
-1003.48,-447.761,53.8342,-2.6401
-1003.92,-447.996,53.8485,-2.6651
-1004.37,-448.22,53.8627,-2.6901
-1004.82,-448.433,53.877,-2.7151
-1005.28,-448.634,53.8912,-2.7401
-1005.74,-448.823,53.9054,-2.7651
-1006.21,-449.001,53.9197,-2.7901
-1006.68,-449.168,53.9339,-2.8151
-1007.16,-449.322,53.9482,-2.8401
-1007.64,-449.464,53.9624,-2.8651
-1008.12,-449.595,53.9767,-2.8901
-1008.61,-449.713,53.9909,-2.9151
-1009.09,-449.819,54.0051,-2.9401
-1009.59,-449.913,54.0194,-2.9651
-1010.08,-449.995,54.0336,-2.9901
-1010.57,-450.064,54.0479,-3.0151
-1011.07,-450.121,54.0621,-3.0401
-1011.57,-450.166,54.0764,-3.0651
-1012.07,-450.198,54.0906,-3.0901
-1012.57,-450.217,54.1048,-3.1151
-1013.07,-450.224,54.1191,-3.1401
-1013.57,-450.219,54.1333,3.11808
-1014.07,-450.201,54.1476,3.09308
-1014.57,-450.17,54.1618,3.06808
-1015.06,-450.127,54.1761,3.04308
-1015.56,-450.072,54.1903,3.01808
-1016.06,-450.004,54.2046,2.99308
-1016.55,-449.924,54.2188,2.96808
-1017.04,-449.831,54.233,2.94308
-1017.53,-449.727,54.2473,2.91808
-1018.02,-449.61,54.2615,2.89308
-1018.5,-449.481,54.2758,2.86808
-1018.98,-449.34,54.29,2.84308
-1019.46,-449.187,54.3043,2.81808
-1019.93,-449.022,54.3185,2.79308
-1020.39,-448.845,54.3327,2.76808
-1020.86,-448.657,54.347,2.74308
-1021.32,-448.457,54.3612,2.71808
-1021.77,-448.246,54.3755,2.69308
-1022,-448.132,54.3897,2.67835
-1022.45,-447.909,54.404,2.67835
-1022.9,-447.686,54.4182,2.67835
-1023.34,-447.463,54.4324,2.67835
-1023.79,-447.24,54.4467,2.67835
-1024.23,-447.017,54.4609,2.67835
-1024.68,-446.795,54.4752,2.67835
-1025.13,-446.572,54.4894,2.67835
-1025.57,-446.349,54.5037,2.67835
-1026.02,-446.126,54.5179,2.67835
-1026.46,-445.903,54.5321,2.67835
-1026.91,-445.68,54.5464,2.67835
-1027.36,-445.457,54.5606,2.67835
-1027.8,-445.235,54.5749,2.67835
-1028.25,-445.012,54.5891,2.67835
-1028.7,-444.789,54.6034,2.67835
-1029.14,-444.566,54.6176,2.67835
-1029.59,-444.343,54.6319,2.67835
-1030.03,-444.12,54.6461,2.67835
-1030.48,-443.897,54.6603,2.67835
-1030.93,-443.675,54.6746,2.67835
-1031.37,-443.452,54.6888,2.67835
-1031.82,-443.229,54.7031,2.67835
-1032.26,-443.006,54.7173,2.67835
-1032.71,-442.783,54.7316,2.67835
-1033.16,-442.56,54.7458,2.67835
-1033.6,-442.337,54.76,2.67835
-1034.05,-442.115,54.7743,2.67835
-1034.5,-441.892,54.7885,2.67835
-1034.94,-441.669,54.8028,2.67835
-1035.39,-441.446,54.817,2.67835
-1035.83,-441.223,54.8313,2.67835
-1036.28,-441,54.8455,2.67835
-1036.73,-440.777,54.8597,2.67835
-1037.17,-440.555,54.874,2.67835
-1037.62,-440.332,54.8882,2.67835
-1038.07,-440.109,54.9025,2.67835
-1038.51,-439.886,54.9167,2.67835
-1038.96,-439.663,54.931,2.67835
-1039.4,-439.44,54.9452,2.67835
-1039.85,-439.217,54.9594,2.67835
-1040.3,-438.995,54.9737,2.67835
-1040.74,-438.772,54.9879,2.67835
-1041.19,-438.549,55.0022,2.67835
-1041.63,-438.326,55.0164,2.67835
-1042.08,-438.103,55.0307,2.67835
-1042.53,-437.88,55.0449,2.67835
-1042.97,-437.657,55.0592,2.67835
-1043.42,-437.435,55.0734,2.67835
-1043.87,-437.212,55.0876,2.67835
-1044.31,-436.989,55.1019,2.67835
-1044.76,-436.766,55.1161,2.67835
-1045.2,-436.543,55.1304,2.67835
-1045.65,-436.32,55.1446,2.67835
-1046.1,-436.097,55.1589,2.67835
-1046.54,-435.875,55.1731,2.67835
-1046.99,-435.652,55.1873,2.67835
-1047.43,-435.429,55.2016,2.67835
-1047.88,-435.206,55.2158,2.67835
-1048.33,-434.983,55.2301,2.67835
-1048.77,-434.76,55.2443,2.67835
-1049.22,-434.537,55.2586,2.67835
-1049.67,-434.315,55.2728,2.67835
-1050.11,-434.092,55.287,2.67835
-1050.56,-433.869,55.3013,2.67835
-1051,-433.646,55.3155,2.67835
-1051.45,-433.423,55.3298,2.67835
-1051.9,-433.2,55.344,2.67835
-1052.34,-432.977,55.3583,2.67835
-1052.79,-432.755,55.3725,2.67835
-1053.23,-432.532,55.3867,2.67835
-1053.68,-432.309,55.401,2.67835
-1054.13,-432.086,55.4152,2.67835
-1054.57,-431.863,55.4295,2.67835
-1055.02,-431.64,55.4437,2.67835
-1055.47,-431.417,55.458,2.67835
-1055.91,-431.195,55.4722,2.67835
-1056.36,-430.972,55.4865,2.67835
-1056.8,-430.749,55.5007,2.67835
-1057.25,-430.526,55.5149,2.67835
-1057.7,-430.303,55.5292,2.67835
-1058.14,-430.08,55.5434,2.67835
-1058.59,-429.857,55.5577,2.67835
-1059.03,-429.635,55.5719,2.67835
-1059.48,-429.412,55.5862,2.67835
-1059.93,-429.189,55.6004,2.67835
-1060.37,-428.966,55.6146,2.67835
-1060.82,-428.743,55.6289,2.67835
-1061.27,-428.52,55.6431,2.67835
-1061.71,-428.297,55.6574,2.67835
-1062.16,-428.075,55.6716,2.67835
-1062.6,-427.852,55.6859,2.67835
-1063.05,-427.629,55.7001,2.67835
-1063.5,-427.406,55.7143,2.67835
-1063.94,-427.183,55.7286,2.67835
-1064.39,-426.96,55.7428,2.67835
-1064.84,-426.737,55.7571,2.67835
-1065.28,-426.515,55.7713,2.67835
-1065.73,-426.292,55.7856,2.67835
-1066.17,-426.069,55.7998,2.67835
-1066.62,-425.846,55.814,2.68009
-1067.06,-425.618,55.8283,2.65509
-1067.5,-425.379,55.8425,2.63009
-1067.94,-425.128,55.8568,2.60509
-1068.36,-424.867,55.871,2.58009
-1068.78,-424.596,55.8853,2.55509
-1069.2,-424.314,55.8995,2.53009
-1069.6,-424.022,55.9138,2.50509
-1070,-423.72,55.928,2.48009
-1070.39,-423.408,55.9422,2.45509
-1070.77,-423.086,55.9565,2.43009
-1071.15,-422.755,55.9707,2.40509
-1071.51,-422.414,55.985,2.38009
-1071.87,-422.065,55.9992,2.35509
-1072.22,-421.707,56.0135,2.33009
-1072.56,-421.34,56.0277,2.30509
-1072.89,-420.964,56.0419,2.28009
-1073.21,-420.581,56.0562,2.25509
-1073.52,-420.19,56.0704,2.23009
-1073.82,-419.791,56.0847,2.20509
-1074.11,-419.384,56.0989,2.18009
-1074.4,-418.971,56.1132,2.15509
-1074.67,-418.55,56.1274,2.13009
-1074.93,-418.123,56.1416,2.10509
-1075.18,-417.69,56.1559,2.08009
-1075.41,-417.25,56.1701,2.05509
-1075.52,-417.048,56.1844,2.04371
-1075.75,-416.606,56.1318,2.06871
-1076,-416.169,56.0792,2.09371
-1076.25,-415.739,56.0266,2.11871
-1076.52,-415.316,55.9741,2.14371
-1076.79,-414.899,55.9215,2.16871
-1077.08,-414.489,55.8689,2.19371
-1077.38,-414.087,55.8163,2.21871
-1077.68,-413.692,55.7637,2.24371
-1078,-413.305,55.7111,2.26871
-1078.01,-413.29,55.6586,2.27063
-1078.28,-412.969,55.606,2.27063
-1078.55,-412.648,55.5534,2.27063
-1078.82,-412.328,55.5008,2.27063
-1079.09,-412.007,55.4482,2.27063
-1079.36,-411.686,55.3957,2.27063
-1079.63,-411.366,55.3431,2.27063
-1079.9,-411.045,55.2905,2.27063
-1080.17,-410.724,55.2379,2.27063
-1080.44,-410.404,55.1853,2.27063
-1080.71,-410.083,55.1328,2.27063
-1080.98,-409.762,55.0802,2.27063
-1081.25,-409.442,55.0276,2.27063
-1081.52,-409.121,54.975,2.27063
-1081.79,-408.8,54.9224,2.27063
-1082.06,-408.48,54.8699,2.27063
-1082.33,-408.159,54.8173,2.27063
-1082.6,-407.839,54.7647,2.27063
-1082.87,-407.518,54.7121,2.27063
-1083.14,-407.197,54.6595,2.27063
-1083.41,-406.877,54.607,2.27063
-1083.68,-406.556,54.5544,2.27063
-1083.95,-406.235,54.5018,2.27063
-1084.22,-405.915,54.4492,2.27063
-1084.49,-405.594,54.3966,2.27063
-1084.76,-405.273,54.344,2.27063
-1085.03,-404.953,54.2915,2.27063
-1085.3,-404.632,54.2389,2.27063
-1085.57,-404.311,54.1863,2.27063
-1085.84,-403.991,54.1337,2.27063
-1086.11,-403.67,54.0811,2.27063
-1086.38,-403.349,54.0286,2.27063
-1086.65,-403.029,53.976,2.27063
-1086.92,-402.708,53.9234,2.27063
-1087.19,-402.387,53.8708,2.27063
-1087.46,-402.067,53.8182,2.27063
-1087.73,-401.746,53.7657,2.27063
-1088,-401.425,53.7131,2.27063
-1088.27,-401.105,53.6605,2.27063
-1088.54,-400.784,53.6079,2.27063
-1088.81,-400.463,53.5553,2.27063
-1089.08,-400.143,53.5028,2.27063
-1089.35,-399.822,53.4502,2.27063
-1089.62,-399.502,53.3976,2.27063
-1089.89,-399.181,53.345,2.27063
-1090.16,-398.86,53.2924,2.27063
-1090.43,-398.54,53.2399,2.27063
-1090.7,-398.219,53.1873,2.27063
-1090.97,-397.898,53.1347,2.27063
-1091.24,-397.578,53.0821,2.27063
-1091.51,-397.257,53.0295,2.27063
-1091.78,-396.936,52.9769,2.27063
-1092.05,-396.616,52.9244,2.27063
-1092.32,-396.295,52.8718,2.27063
-1092.59,-395.974,52.8192,2.27063
-1092.86,-395.654,52.7666,2.27063
-1093.13,-395.333,52.714,2.27063
-1093.4,-395.012,52.6615,2.27063
-1093.67,-394.692,52.6089,2.27063
-1093.94,-394.371,52.5563,2.27063
-1094.21,-394.05,52.5037,2.27063
-1094.48,-393.73,52.4511,2.27063
-1094.75,-393.409,52.3986,2.27063
-1095.02,-393.088,52.346,2.27063
-1095.29,-392.768,52.2934,2.27063
-1095.56,-392.447,52.2408,2.27063
-1095.83,-392.127,52.1882,2.27063
-1096.1,-391.806,52.1357,2.27063
-1096.37,-391.485,52.0831,2.27063
-1096.64,-391.165,52.0305,2.27063
-1096.91,-390.844,51.9779,2.27063
-1097.18,-390.523,51.9253,2.27063
-1097.45,-390.203,51.8728,2.27063
-1097.72,-389.882,51.8202,2.27063
-1097.99,-389.561,51.7676,2.27063
-1098.26,-389.241,51.715,2.27063
-1098.53,-388.92,51.6624,2.27063
-1098.8,-388.599,51.6098,2.27063
-1099.07,-388.279,51.5573,2.27063
-1099.34,-387.958,51.5047,2.27063
-1099.61,-387.637,51.4521,2.27063
-1099.88,-387.317,51.3995,2.27063
-1100.15,-386.996,51.3469,2.27063
-1100.42,-386.675,51.2944,2.27063
-1100.69,-386.355,51.2418,2.27063
-1100.96,-386.034,51.1892,2.27063
-1101.23,-385.713,51.1366,2.27063
-1101.5,-385.393,51.084,2.27063
-1101.77,-385.072,51.0315,2.27063
-1102.04,-384.752,50.9789,2.27063
-1102.31,-384.431,50.9263,2.27063
-1102.58,-384.11,50.8737,2.27063
-1102.85,-383.79,50.8211,2.27063
-1103.12,-383.469,50.7686,2.27063
-1103.39,-383.148,50.716,2.27063
-1103.66,-382.828,50.6634,2.27063
-1103.93,-382.507,50.6108,2.27063
-1104.2,-382.186,50.5582,2.27063
-1104.47,-381.866,50.5057,2.27063
-1104.74,-381.545,50.4531,2.27063
-1105.01,-381.224,50.4005,2.26972
-1105.34,-380.846,50.3479,2.29472
-1105.67,-380.475,50.2953,2.31972
-1106.02,-380.113,50.2427,2.34472
-1106.37,-379.76,50.1902,2.36972
-1106.74,-379.416,50.1376,2.39472
-1107.11,-379.081,50.085,2.41972
-1107.49,-378.755,50.0324,2.44472
-1107.87,-378.439,49.9798,2.46972
-1108.27,-378.133,49.9273,2.49472
-1108.67,-377.836,49.8747,2.51972
-1109.08,-377.55,49.8221,2.54472
-1109.5,-377.274,49.7695,2.56972
-1109.92,-377.009,49.7169,2.59472
-1110.35,-376.754,49.6644,2.61972
-1110.79,-376.511,49.6118,2.64472
-1111.23,-376.278,49.5592,2.66972
-1111.68,-376.056,49.5066,2.69472
-1112.13,-375.846,49.454,2.71972
-1112.59,-375.647,49.4015,2.74472
-1113.06,-375.459,49.3489,2.76972
-1113.52,-375.283,49.2963,2.79472
-1114,-375.119,49.2437,2.81972
-1114.47,-374.967,49.1911,2.84472
-1114.95,-374.827,49.1385,2.86972
-1115.44,-374.699,49.086,2.89472
-1115.92,-374.582,49.0334,2.91972
-1116.41,-374.479,48.9808,2.94472
-1116.9,-374.387,48.9282,2.96972
-1117.4,-374.308,48.8756,2.99472
-1117.89,-374.241,48.8231,3.01972
-1118.39,-374.186,48.7705,3.04472
-1118.89,-374.144,48.7179,3.06972
-1119.39,-374.114,48.6653,3.09472
-1119.89,-374.097,48.6127,3.11972
-1120.39,-374.092,48.5602,-3.13847
-1120.89,-374.1,48.5076,-3.11347
-1121.38,-374.12,48.455,-3.08847
-1121.88,-374.153,48.4024,-3.06347
-1122.38,-374.198,48.3498,-3.03847
-1122.88,-374.256,48.2973,-3.01347
-1123.33,-374.319,48.2447,-2.99091
-1123.82,-374.388,48.2362,-3.01591
-1124.32,-374.444,48.2277,-3.04091
-1124.82,-374.488,48.2192,-3.06591
-1125.31,-374.52,48.2108,-3.09091
-1125.81,-374.539,48.2023,-3.11591
-1126.31,-374.545,48.1938,-3.14091
-1126.81,-374.54,48.1853,3.11728
-1127.31,-374.521,48.1768,3.09228
-1127.81,-374.49,48.1684,3.06728
-1128.31,-374.447,48.1599,3.04228
-1128.81,-374.391,48.1514,3.01728
-1129.3,-374.323,48.1429,2.99228
-1129.8,-374.242,48.1344,2.96728
-1130.29,-374.149,48.126,2.94228
-1130.78,-374.044,48.1175,2.91728
-1131.26,-373.927,48.109,2.89228
-1131.75,-373.798,48.1005,2.86728
-1132.22,-373.656,48.092,2.84228
-1132.7,-373.503,48.0836,2.81728
-1133.17,-373.338,48.0751,2.79228
-1133.64,-373.161,48.0666,2.76728
-1134.1,-372.972,48.0581,2.74228
-1134.56,-372.772,48.0496,2.71728
-1135.01,-372.56,48.0412,2.69228
-1135.46,-372.338,48.0327,2.66728
-1135.9,-372.104,48.0242,2.64228
-1136.34,-371.859,48.0157,2.61728
-1136.77,-371.603,48.0072,2.59228
-1137.19,-371.337,47.9988,2.56728
-1137.61,-371.06,47.9903,2.54228
-1138.02,-370.773,47.9818,2.51728
-1138.38,-370.504,47.9733,2.48977
-1138.62,-370.32,47.9648,2.48977
-1138.87,-370.135,47.9564,2.48977
-1139.11,-369.951,47.9479,2.48977
-1139.35,-369.766,47.9394,2.48977
-1139.59,-369.582,47.9309,2.48977
-1139.83,-369.397,47.9224,2.48977
-1140.07,-369.213,47.914,2.48977
-1140.32,-369.028,47.9055,2.48977
-1140.56,-368.844,47.897,2.48977
-1140.8,-368.659,47.8885,2.48977
-1141.04,-368.475,47.88,2.48977
-1141.28,-368.29,47.8716,2.48977
-1141.53,-368.106,47.8631,2.48977
-1141.77,-367.921,47.8546,2.48977
-1142.01,-367.737,47.8461,2.48977
-1142.25,-367.552,47.8376,2.48977
-1142.49,-367.368,47.8292,2.48977
-1142.73,-367.183,47.8207,2.48977
-1142.98,-366.999,47.8122,2.48977
-1143.22,-366.814,47.8037,2.48977
-1143.46,-366.63,47.7952,2.48977
-1143.7,-366.445,47.7868,2.48977
-1143.94,-366.261,47.7783,2.48977
-1144.18,-366.076,47.7698,2.48977
-1144.43,-365.892,47.7613,2.48977
-1144.67,-365.707,47.7528,2.48977
-1144.91,-365.523,47.7444,2.48977
-1145.15,-365.338,47.7359,2.48977
-1145.39,-365.154,47.7274,2.48977
-1145.64,-364.969,47.7189,2.48977
-1145.88,-364.785,47.7105,2.48977
-1146.12,-364.6,47.702,2.48977
-1146.36,-364.416,47.6935,2.48977
-1146.6,-364.231,47.685,2.48977
-1146.84,-364.047,47.6765,2.48977
-1147.09,-363.862,47.6681,2.48977
-1147.33,-363.678,47.6596,2.48977
-1147.57,-363.493,47.6511,2.48977
-1147.81,-363.309,47.6426,2.48977
-1148.05,-363.124,47.6341,2.48977
-1148.3,-362.94,47.6257,2.48977
-1148.54,-362.755,47.6172,2.48977
-1148.78,-362.571,47.6087,2.48977
-1149.02,-362.386,47.6002,2.48977
-1149.26,-362.202,47.5917,2.48977
-1149.5,-362.017,47.5833,2.48977
-1149.75,-361.833,47.5748,2.48977
-1149.99,-361.648,47.5663,2.48977
-1150.23,-361.464,47.5578,2.48977
-1150.47,-361.279,47.5493,2.48977
-1150.71,-361.095,47.5409,2.48977
-1150.95,-360.91,47.5324,2.48977
-1151.2,-360.726,47.5239,2.48977
-1151.44,-360.541,47.5154,2.48977
-1151.68,-360.357,47.5069,2.48977
-1151.92,-360.172,47.4985,2.48977
-1152.16,-359.988,47.49,2.48977
-1152.41,-359.803,47.4815,2.48977
-1152.65,-359.619,47.473,2.48977
-1152.89,-359.434,47.4645,2.48977
-1153.13,-359.25,47.4561,2.48977
-1153.37,-359.065,47.4476,2.48977
-1153.61,-358.881,47.4391,2.48977
-1153.86,-358.696,47.4306,2.48977
-1154.1,-358.512,47.4221,2.48977
-1154.34,-358.327,47.4137,2.48977
-1154.58,-358.143,47.4052,2.48977
-1154.82,-357.958,47.3967,2.48977
-1155.06,-357.774,47.3882,2.48977
-1155.31,-357.589,47.3797,2.48977
-1155.55,-357.405,47.3713,2.48977
-1155.79,-357.22,47.3628,2.48977
-1156.03,-357.036,47.3543,2.48977
-1156.27,-356.851,47.3458,2.48977
-1156.52,-356.667,47.3373,2.48977
-1156.76,-356.482,47.3289,2.48977
-1157,-356.298,47.3204,2.48977
-1157.24,-356.113,47.3119,2.48977
-1157.48,-355.929,47.3034,2.48977
-1157.72,-355.744,47.2949,2.48977
-1157.97,-355.56,47.2865,2.48977
-1158.21,-355.375,47.278,2.48977
-1158.45,-355.191,47.2695,2.48977
-1158.69,-355.007,47.261,2.48977
-1158.93,-354.822,47.2525,2.48977
-1159.17,-354.638,47.2441,2.48977
-1159.42,-354.453,47.2356,2.48977
-1159.66,-354.269,47.2271,2.48977
-1159.9,-354.084,47.2186,2.48977
-1160.14,-353.9,47.2101,2.48977
-1160.38,-353.715,47.2017,2.48977
-1160.63,-353.531,47.1932,2.48977
-1160.87,-353.346,47.1847,2.48977
-1161.11,-353.162,47.1762,2.48977
-1161.35,-352.977,47.1677,2.48977
-1161.59,-352.793,47.1593,2.48977
-1161.83,-352.608,47.1508,2.48977
-1162.08,-352.424,47.1423,2.48977
-1162.32,-352.239,47.1338,2.48977
-1162.56,-352.055,47.1253,2.49466
-1162.96,-351.758,47.1169,2.51966
-1163.37,-351.472,47.1084,2.54466
-1163.79,-351.196,47.0999,2.56966
-1164.21,-350.931,47.0914,2.59466
-1164.64,-350.676,47.0829,2.61966
-1165.08,-350.432,47.0745,2.64466
-1165.52,-350.199,47.066,2.66966
-1165.97,-349.978,47.0575,2.69466
-1166.42,-349.767,47.049,2.71966
-1166.88,-349.568,47.0405,2.74466
-1167.35,-349.381,47.0321,2.76966
-1167.81,-349.205,47.0236,2.79466
-1168.29,-349.041,47.0151,2.81966
-1168.76,-348.889,47.0066,2.84466
-1169.24,-348.748,46.9981,2.86966
-1169.73,-348.62,46.9897,2.89466
-1170.21,-348.504,46.9812,2.91966
-1170.7,-348.4,46.9727,2.94466
-1171.19,-348.308,46.9642,2.96966
-1171.69,-348.229,46.9558,2.99466
-1172.18,-348.162,46.9473,3.01966
-1172.68,-348.107,46.9388,3.04466
-1173.18,-348.065,46.9303,3.06966
-1173.68,-348.035,46.9218,3.09466
-1174.18,-348.018,46.9134,3.11966
-1174.68,-348.013,46.9049,-3.13853
-1175.18,-348.021,46.8964,-3.11353
-1175.68,-348.041,46.8879,-3.08853
-1176.17,-348.074,46.8794,-3.06353
-1176.67,-348.119,46.871,-3.03853
-1177.17,-348.177,46.8625,-3.01353
-1177.66,-348.247,46.854,-2.98853
-1178.16,-348.329,46.8455,-2.96353
-1178.65,-348.424,46.837,-2.93853
-1179.14,-348.531,46.8286,-2.91353
-1179.62,-348.65,46.8201,-2.88853
-1180.1,-348.781,46.8116,-2.86353
-1180.58,-348.925,46.8031,-2.83853
-1181.06,-349.08,46.7946,-2.81353
-1181.53,-349.247,46.7862,-2.78853
-1182,-349.426,46.7777,-2.76353
-1182.46,-349.616,46.7692,-2.73853
-1182.92,-349.818,46.7607,-2.71353
-1183.37,-350.031,46.7522,-2.68853
-1183.82,-350.256,46.7438,-2.66353
-1184.26,-350.491,46.7353,-2.63853
-1184.69,-350.738,46.7268,-2.61353
-1185.12,-350.995,46.7183,-2.58853
-1185.54,-351.263,46.7098,-2.56353
-1185.96,-351.541,46.7014,-2.53853
-1186.37,-351.83,46.6929,-2.51353
-1186.77,-352.129,46.6844,-2.48853
-1187.16,-352.437,46.6759,-2.46353
-1187.55,-352.756,46.6674,-2.43853
-1187.92,-353.084,46.659,-2.41353
-1188.29,-353.421,46.6505,-2.38853
-1188.65,-353.768,46.642,-2.36353
-1189,-354.123,46.6335,-2.33853
-1189.35,-354.487,46.625,-2.31353
-1189.68,-354.86,46.6166,-2.28853
-1190,-355.24,46.6081,-2.26353
-1190.32,-355.629,46.5996,-2.23853
-1190.62,-356.026,46.5911,-2.21353
-1190.92,-356.43,46.5826,-2.18853
-1191.2,-356.841,46.5742,-2.16353
-1191.48,-357.259,46.5657,-2.13853
-1191.74,-357.684,46.5572,-2.11353
-1191.99,-358.115,46.5487,-2.08853
-1192.24,-358.553,46.5402,-2.06353
-1192.47,-358.996,46.5318,-2.03853
-1192.69,-359.445,46.5233,-2.01353
-1192.89,-359.899,46.5148,-1.98853
-1193.09,-360.359,46.5063,-1.96353
-1193.21,-360.643,46.4978,-1.94821
-1193.4,-361.105,46.5728,-1.97321
-1193.6,-361.563,46.6477,-1.99821
-1193.81,-362.015,46.7227,-2.02321
-1194.04,-362.462,46.7976,-2.04821
-1194.27,-362.903,46.8725,-2.07321
-1194.52,-363.339,46.9475,-2.09821
-1194.77,-363.767,47.0224,-2.12321
-1195.04,-364.19,47.0974,-2.14821
-1195.29,-364.556,47.1723,-2.17267
-1195.5,-364.867,47.2472,-2.17267
-1195.71,-365.177,47.3222,-2.17267
-1195.93,-365.488,47.3971,-2.17267
-1196.14,-365.799,47.4721,-2.17267
-1196.35,-366.11,47.547,-2.17267
-1196.57,-366.421,47.6219,-2.17267
-1196.78,-366.732,47.6969,-2.17267
-1196.99,-367.043,47.7718,-2.17267
-1197.21,-367.354,47.8468,-2.17267
-1197.42,-367.665,47.9217,-2.17267
-1197.64,-367.976,47.9966,-2.17267
-1197.85,-368.287,48.0716,-2.17267
-1198.06,-368.598,48.1465,-2.17267
-1198.28,-368.909,48.2215,-2.17267
-1198.49,-369.22,48.2964,-2.17267
-1198.7,-369.531,48.3713,-2.17267
-1198.92,-369.842,48.4463,-2.17267
-1199.13,-370.153,48.5212,-2.17267
-1199.34,-370.464,48.5962,-2.17267
-1199.56,-370.774,48.6711,-2.17267
-1199.77,-371.085,48.746,-2.17267
-1199.98,-371.396,48.821,-2.17267
-1200.2,-371.707,48.8959,-2.17267
-1200.41,-372.018,48.9709,-2.17267
-1200.63,-372.329,49.0458,-2.17267
-1200.84,-372.64,49.1207,-2.17267
-1201.05,-372.951,49.1957,-2.17267
-1201.27,-373.262,49.2706,-2.17267
-1201.48,-373.573,49.3456,-2.17267
-1201.69,-373.884,49.4205,-2.17267
-1201.91,-374.195,49.4954,-2.17267
-1202.12,-374.506,49.5704,-2.17267
-1202.33,-374.817,49.6453,-2.17267
-1202.55,-375.128,49.7203,-2.17267
-1202.76,-375.439,49.7952,-2.17267
-1202.98,-375.75,49.8701,-2.17267
-1203.19,-376.061,49.9451,-2.17267
-1203.4,-376.371,50.02,-2.17267
-1203.62,-376.682,50.095,-2.17267
-1203.83,-376.993,50.1699,-2.17267
-1204.04,-377.304,50.2448,-2.17267
-1204.26,-377.615,50.3198,-2.17267
-1204.47,-377.926,50.3947,-2.17267
-1204.68,-378.237,50.4697,-2.17267
-1204.9,-378.548,50.5446,-2.17267
-1205.11,-378.859,50.6195,-2.17267
-1205.32,-379.17,50.6945,-2.17267
-1205.54,-379.481,50.7694,-2.17267
-1205.75,-379.792,50.8444,-2.17267
-1205.97,-380.103,50.9193,-2.17267
-1206.18,-380.414,50.9942,-2.17267
-1206.39,-380.725,51.0692,-2.17267
-1206.61,-381.036,51.1441,-2.17267
-1206.82,-381.347,51.2191,-2.17267
-1207.03,-381.658,51.294,-2.17267
-1207.25,-381.969,51.3689,-2.17267
-1207.46,-382.279,51.4439,-2.17267
-1207.67,-382.59,51.5188,-2.17267
-1207.89,-382.901,51.5938,-2.17267
-1208.1,-383.212,51.6687,-2.17267
-1208.31,-383.523,51.7436,-2.17267
-1208.53,-383.834,51.8186,-2.17267
-1208.74,-384.145,51.8935,-2.17267
-1208.96,-384.456,51.9685,-2.17267
-1209.17,-384.767,52.0434,-2.17267
-1209.38,-385.078,52.1183,-2.17267
-1209.6,-385.389,52.1933,-2.17267
-1209.81,-385.7,52.2682,-2.17267
-1210.02,-386.011,52.3432,-2.17267
-1210.24,-386.322,52.4181,-2.17267
-1210.45,-386.633,52.493,-2.17267
-1210.66,-386.944,52.568,-2.17267
-1210.88,-387.255,52.6429,-2.17267
-1211.09,-387.566,52.7179,-2.17267
-1211.3,-387.876,52.7928,-2.17267
-1211.52,-388.187,52.8677,-2.17267
-1211.73,-388.498,52.9427,-2.17267
-1211.95,-388.809,53.0176,-2.17267
-1212.16,-389.12,53.0926,-2.17267
-1212.37,-389.431,53.1675,-2.17267
-1212.59,-389.742,53.2424,-2.17267
-1212.8,-390.053,53.3174,-2.17267
-1213.01,-390.364,53.3923,-2.17267
-1213.23,-390.675,53.4673,-2.17267
-1213.44,-390.986,53.5422,-2.17267
-1213.65,-391.297,53.6171,-2.17267
-1213.87,-391.608,53.6921,-2.17267
-1214.08,-391.919,53.767,-2.17267
-1214.3,-392.23,53.842,-2.17267
-1214.51,-392.541,53.9169,-2.17267
-1214.72,-392.852,53.9918,-2.17267
-1214.94,-393.163,54.0668,-2.17267
-1215.15,-393.473,54.1417,-2.17267
-1215.36,-393.784,54.2167,-2.17267
-1215.58,-394.095,54.2916,-2.17267
-1215.79,-394.406,54.3665,-2.17267
-1216,-394.717,54.4415,-2.17267
-1216.22,-395.028,54.5164,-2.17267
-1216.43,-395.339,54.5914,-2.17267
-1216.64,-395.65,54.6663,-2.1702
-1216.93,-396.059,54.7412,-2.1952
-1217.23,-396.461,54.8162,-2.2202
-1217.54,-396.856,54.8911,-2.2452
-1217.85,-397.242,54.9661,-2.2702
-1218.18,-397.621,55.041,-2.2952
-1218.52,-397.991,55.1159,-2.3202
-1218.86,-398.353,55.1909,-2.3452
-1219.22,-398.706,55.2658,-2.3702
-1219.58,-399.05,55.3408,-2.3952
-1219.95,-399.385,55.4157,-2.4202
-1220.33,-399.71,55.4906,-2.4452
-1220.72,-400.026,55.5656,-2.4702
-1221.11,-400.332,55.6405,-2.4952
-1221.51,-400.628,55.7155,-2.5202
-1221.92,-400.914,55.7904,-2.5452
-1222.34,-401.19,55.8653,-2.5702
-1222.77,-401.455,55.9403,-2.5952
-1223.2,-401.71,56.0152,-2.6202
-1223.63,-401.953,56.0902,-2.6452
-1224.08,-402.186,56.1651,-2.6702
-1224.52,-402.407,56.24,-2.6952
-1224.98,-402.618,56.315,-2.7202
-1225.44,-402.816,56.3899,-2.7452
-1225.9,-403.004,56.4649,-2.7702
-1226.37,-403.179,56.5398,-2.7952
-1226.84,-403.343,56.6147,-2.8202
-1227.32,-403.495,56.6897,-2.8452
-1227.8,-403.635,56.7646,-2.8702
-1228.28,-403.763,56.8396,-2.8952
-1228.77,-403.879,56.9145,-2.9202
-1229.26,-403.983,56.9894,-2.9452
-1229.75,-404.074,57.0644,-2.9702
-1230.24,-404.153,57.1393,-2.9952
-1230.74,-404.22,57.2143,-3.0202
-1231.23,-404.274,57.2892,-3.0452
-1231.73,-404.316,57.3641,-3.0702
-1232.23,-404.346,57.4391,-3.0952
-1232.73,-404.363,57.514,-3.1202
-1233.23,-404.367,57.589,3.13799
-1233.73,-404.359,57.6639,3.11299
-1234.23,-404.338,57.7388,3.08799
-1234.73,-404.305,57.8138,3.06299
-1235.23,-404.26,57.8887,3.03799
-1235.72,-404.202,57.9637,3.01299
-1236.22,-404.132,58.0386,2.98799
-1236.71,-404.049,58.1135,2.96299
-1237.2,-403.954,58.1885,2.93799
-1237.51,-403.888,58.2634,2.92223
-1238,-403.773,58.3096,2.89723
-1238.48,-403.646,58.3558,2.87223
-1238.96,-403.507,58.402,2.84723
-1239.44,-403.356,58.4482,2.82223
-1239.75,-403.248,58.4944,2.8026
-1240.3,-403.056,58.5406,2.8026
-1240.84,-402.865,58.5867,2.8026
-1241.39,-402.673,58.6329,2.8026
-1241.93,-402.481,58.6791,2.8026
-1242.47,-402.289,58.7253,2.8026
-1243.02,-402.097,58.7715,2.8026
-1243.56,-401.906,58.8177,2.8026
-1244.11,-401.714,58.8639,2.8026
-1244.65,-401.522,58.9101,2.8026
-1245.19,-401.33,58.9563,2.8026
-1245.74,-401.139,59.0025,2.8026
-1246.28,-400.947,59.0487,2.8026
-1246.82,-400.755,59.0948,2.8026
-1247.37,-400.563,59.141,2.8026
-1247.91,-400.371,59.1872,2.8026
-1248.46,-400.18,59.2334,2.8026
-1249,-399.988,59.2796,2.8026
-1249.54,-399.796,59.3258,2.8026
-1250.09,-399.604,59.372,2.8026
-1250.63,-399.413,59.4182,2.8026
-1251.18,-399.221,59.4644,2.8026
-1251.72,-399.029,59.5106,2.8026
-1252.26,-398.837,59.5568,2.8026
-1252.81,-398.645,59.6029,2.8026
-1253.35,-398.454,59.6491,2.8026
-1253.9,-398.262,59.6953,2.8026
-1254.44,-398.07,59.7415,2.8026
-1254.98,-397.878,59.7877,2.8026
-1255.53,-397.687,59.8339,2.8026
-1256.07,-397.495,59.8801,2.8026
-1256.61,-397.303,59.9263,2.8026
-1257.16,-397.111,59.9725,2.8026
-1257.7,-396.919,60.0187,2.8026
-1258.25,-396.728,60.0648,2.8026
-1258.79,-396.536,60.111,2.8026
-1259.33,-396.344,60.1572,2.8026
-1259.88,-396.152,60.2034,2.8026
-1260.42,-395.96,60.2496,2.8026
-1260.97,-395.769,60.2958,2.8026
-1261.51,-395.577,60.342,2.8026
-1262.05,-395.385,60.3882,2.8026
-1262.6,-395.193,60.4344,2.8026
-1263.14,-395.002,60.4806,2.8026
-1263.69,-394.81,60.5268,2.8026
-1264.23,-394.618,60.5729,2.8026
-1264.77,-394.426,60.6191,2.8026
-1265.32,-394.234,60.6653,2.8026
-1265.86,-394.043,60.7115,2.8026
-1266.41,-393.851,60.7577,2.8026
-1266.95,-393.659,60.8039,2.8026
-1267.49,-393.467,60.8501,2.8026
-1268.04,-393.276,60.8963,2.8026
-1268.58,-393.084,60.9425,2.8026
-1269.12,-392.892,60.9887,2.8026
-1269.67,-392.7,61.0349,2.8026
-1270.21,-392.508,61.081,2.8026
-1270.76,-392.317,61.1272,2.8026
-1271.3,-392.125,61.1734,2.8026
-1271.84,-391.933,61.2196,2.8026
-1272.39,-391.741,61.2658,2.8026
-1272.93,-391.549,61.312,2.8026
-1273.48,-391.358,61.3582,2.8026
-1274.02,-391.166,61.4044,2.8026
-1274.56,-390.974,61.4506,2.8026
-1275.11,-390.782,61.4968,2.8026
-1275.65,-390.591,61.5429,2.8026
-1276.2,-390.399,61.5891,2.8026
-1276.74,-390.207,61.6353,2.8026
-1277.28,-390.015,61.6815,2.8026
-1277.83,-389.823,61.7277,2.8026
-1278.37,-389.632,61.7739,2.8026
-1278.91,-389.44,61.8201,2.8026
-1279.46,-389.248,61.8663,2.8026
-1280,-389.056,61.9125,2.8026
-1280.55,-388.865,61.9587,2.8026
-1281.09,-388.673,62.0049,2.8026
-1281.63,-388.481,62.051,2.8026
-1282.18,-388.289,62.0972,2.8026
-1282.72,-388.097,62.1434,2.8026
-1283.27,-387.906,62.1896,2.8026
-1283.81,-387.714,62.2358,2.8026
-1284.35,-387.522,62.282,2.8026
-1284.9,-387.33,62.3282,2.8026
-1285.44,-387.139,62.3744,2.8026
-1285.99,-386.947,62.4206,2.8026
-1286.53,-386.755,62.4668,2.8026
-1287.07,-386.563,62.513,2.8026
-1287.62,-386.371,62.5591,2.8026
-1288.16,-386.18,62.6053,2.8026
-1288.71,-385.988,62.6515,2.8026
-1289.25,-385.796,62.6977,2.8026
-1289.79,-385.604,62.7439,2.8026
-1290.34,-385.412,62.7901,2.8026
-1290.88,-385.221,62.8363,2.8026
-1291.42,-385.029,62.8825,2.8026
-1291.97,-384.837,62.9287,2.8026
-1292.51,-384.645,62.9749,2.8026
-1293.06,-384.454,63.021,2.8026
-1293.6,-384.262,63.0672,2.8026
-1294.14,-384.07,63.1134,2.8055
-1294.62,-383.911,63.1596,2.8305
-1295.1,-383.764,63.2058,2.8555
-1295.58,-383.629,63.252,2.8805
-1296.06,-383.506,63.2982,2.9055
-1296.55,-383.395,63.3444,2.9305
-1297.04,-383.296,63.3906,2.9555
-1297.53,-383.21,63.4368,2.9805
-1298.03,-383.136,63.483,3.0055
-1298.52,-383.074,63.5291,3.0305
-1299.02,-383.025,63.5753,3.0555
-1299.52,-382.988,63.6215,3.0805
-1300.02,-382.964,63.6677,3.1055
-1300.52,-382.952,63.7139,3.1305
-1301.02,-382.953,63.7601,-3.12768
-1301.52,-382.966,63.8063,-3.10268
-1302.02,-382.992,63.8525,-3.07768
-1302.52,-383.03,63.8987,-3.05268
-1303.01,-383.081,63.9449,-3.02768
-1303.51,-383.144,63.991,-3.00268
-1304,-383.219,64.0372,-2.97768
-1304.5,-383.307,64.0834,-2.95268
-1304.99,-383.407,64.1296,-2.92768
-1305.47,-383.519,64.1758,-2.90268
-1305.96,-383.643,64.222,-2.87768
-1306.44,-383.78,64.2682,-2.85268
-1306.92,-383.928,64.3144,-2.82768
-1307.39,-384.089,64.3606,-2.80268
-1307.86,-384.261,64.4068,-2.77768
-1308.32,-384.445,64.453,-2.75268
-1308.78,-384.64,64.4991,-2.72768
-1309.24,-384.847,64.5453,-2.70268
-1309.69,-385.065,64.5915,-2.67768
-1310.13,-385.294,64.6377,-2.65268
-1310.57,-385.534,64.6839,-2.62768
-1311,-385.786,64.7301,-2.60268
-1311.43,-386.048,64.7763,-2.57768
-1311.85,-386.32,64.8225,-2.55268
-1312.26,-386.603,64.8687,-2.52768
-1312.67,-386.896,64.9149,-2.50268
-1313.06,-387.199,64.9611,-2.47768
-1313.45,-387.512,65.0072,-2.45268
-1313.84,-387.835,65.0534,-2.42768
-1314.21,-388.167,65.0996,-2.40268
-1314.58,-388.508,65.1458,-2.37768
-1314.93,-388.859,65.192,-2.35268
-1315.28,-389.218,65.2382,-2.32768
-1315.62,-389.586,65.2844,-2.30268
-1315.95,-389.962,65.3306,-2.27768
-1316.01,-390.037,65.3768,-2.27276
-1316.34,-390.414,65.417,-2.29776
-1316.68,-390.784,65.4572,-2.32276
-1317.02,-391.145,65.4974,-2.34776
-1317.38,-391.497,65.5376,-2.37276
-1317.74,-391.84,65.5778,-2.39776
-1318.11,-392.174,65.618,-2.42276
-1318.49,-392.498,65.6582,-2.44776
-1318.88,-392.813,65.6985,-2.47276
-1319.28,-393.118,65.7387,-2.49776
-1319.68,-393.413,65.7789,-2.52276
-1320.09,-393.698,65.8191,-2.54776
-1320.51,-393.973,65.8593,-2.57276
-1320.93,-394.237,65.8995,-2.59776
-1321.37,-394.49,65.9397,-2.62276
-1321.8,-394.733,65.9799,-2.64776
-1322.25,-394.964,66.0201,-2.67276
-1322.7,-395.185,66.0603,-2.69776
-1323.15,-395.394,66.1006,-2.72276
-1323.61,-395.591,66.1408,-2.74776
-1324.07,-395.777,66.181,-2.77276
-1324.54,-395.952,66.2212,-2.79776
-1325.01,-396.114,66.2614,-2.82276
-1325.49,-396.265,66.3016,-2.84776
-1325.97,-396.404,66.3418,-2.87276
-1326.45,-396.531,66.382,-2.89776
-1326.94,-396.645,66.4222,-2.92276
-1327.43,-396.748,66.4625,-2.94776
-1327.92,-396.838,66.5027,-2.97276
-1328.42,-396.916,66.5429,-2.99776
-1328.91,-396.981,66.5831,-3.02276
-1329.41,-397.034,66.6233,-3.04776
-1329.91,-397.075,66.6635,-3.07276
-1330.41,-397.103,66.7037,-3.09776
-1330.91,-397.119,66.7439,-3.12276
-1331.41,-397.122,66.7841,3.13542
-1331.91,-397.113,66.8243,3.11042
-1332.41,-397.091,66.8646,3.08542
-1332.9,-397.056,66.9048,3.06042
-1333.4,-397.01,66.945,3.03542
-1333.9,-396.95,66.9852,3.01042
-1334.39,-396.879,67.0254,2.98542
-1334.89,-396.795,67.0656,2.96042
-1335.38,-396.699,67.1058,2.93542
-1335.87,-396.59,67.146,2.91042
-1336.35,-396.47,67.1862,2.88542
-1336.83,-396.337,67.2265,2.86042
-1337.31,-396.192,67.2667,2.83542
-1337.79,-396.036,67.3069,2.81042
-1338.26,-395.867,67.3471,2.78542
-1338.72,-395.687,67.3873,2.76042
-1339.19,-395.495,67.4275,2.73542
-1339.64,-395.292,67.4677,2.71042
-1340.09,-395.077,67.5079,2.68542
-1340.54,-394.851,67.5481,2.66042
-1340.98,-394.614,67.5883,2.63542
-1341.41,-394.367,67.6286,2.61042
-1341.84,-394.108,67.6688,2.58542
-1342.26,-393.839,67.709,2.56042
-1342.68,-393.559,67.7492,2.53542
-1343.08,-393.269,67.7894,2.51042
-1343.48,-392.969,67.8296,2.48542
-1343.88,-392.659,67.8698,2.46042
-1344.26,-392.339,67.91,2.43542
-1344.64,-392.01,67.9502,2.41042
-1345.01,-391.672,67.9905,2.38542
-1345.37,-391.324,68.0307,2.36042
-1345.72,-390.968,68.0709,2.33542
-1346.06,-390.603,68.1111,2.31042
-1346.39,-390.229,68.1513,2.28542
-1346.71,-389.847,68.1915,2.26042
-1347.03,-389.458,68.2317,2.23542
-1347.33,-389.06,68.2719,2.21042
-1347.62,-388.655,68.3121,2.18542
-1347.91,-388.243,68.3523,2.16042
-1348.18,-387.824,68.3926,2.13542
-1348.44,-387.399,68.4328,2.11042
-1348.69,-386.967,68.473,2.08542
-1348.82,-386.735,68.5132,2.06654
-1348.92,-386.544,68.5534,2.06654
-1349.03,-386.353,68.5936,2.06654
-1349.13,-386.161,68.6338,2.06654
-1349.24,-385.97,68.674,2.06654
-1349.34,-385.779,68.7142,2.06654
-1349.44,-385.587,68.7545,2.06654
-1349.55,-385.396,68.7947,2.06654
-1349.65,-385.204,68.8349,2.06654
-1349.75,-385.013,68.8751,2.06654
-1349.86,-384.822,68.9153,2.06654
-1349.96,-384.63,68.9555,2.06654
-1350.06,-384.439,68.9957,2.06654
-1350.17,-384.248,69.0359,2.06654
-1350.27,-384.056,69.0761,2.06654
-1350.37,-383.865,69.1163,2.06654
-1350.48,-383.673,69.1566,2.06654
-1350.58,-383.482,69.1968,2.06654
-1350.68,-383.291,69.237,2.06654
-1350.79,-383.099,69.2772,2.06654
-1350.89,-382.908,69.3174,2.06654
-1350.99,-382.717,69.3576,2.06654
-1351.1,-382.525,69.3978,2.06654
-1351.2,-382.334,69.438,2.06654
-1351.31,-382.142,69.4782,2.06654
-1351.41,-381.951,69.5184,2.06654
-1351.51,-381.76,69.5587,2.06654
-1351.62,-381.568,69.5989,2.06654
-1351.72,-381.377,69.6391,2.06654
-1351.82,-381.186,69.6793,2.06654
-1351.93,-380.994,69.7195,2.06654
-1352.03,-380.803,69.7597,2.06654
-1352.13,-380.611,69.7999,2.06654
-1352.24,-380.42,69.8401,2.06654
-1352.34,-380.229,69.8803,2.06654
-1352.44,-380.037,69.9206,2.06654
-1352.55,-379.846,69.9608,2.06654
-1352.65,-379.654,70.001,2.06654
-1352.75,-379.463,70.0412,2.06654
-1352.86,-379.272,70.0814,2.06654
-1352.96,-379.08,70.1216,2.06654
-1353.06,-378.889,70.1618,2.06654
-1353.17,-378.698,70.202,2.06654
-1353.27,-378.506,70.2422,2.06654
-1353.38,-378.315,70.2824,2.06654
-1353.48,-378.123,70.3227,2.06654
-1353.58,-377.932,70.3629,2.06654
-1353.69,-377.741,70.4031,2.06654
-1353.79,-377.549,70.4433,2.06654
-1353.89,-377.358,70.4835,2.06654
-1354,-377.167,70.5237,2.06654
-1354.1,-376.975,70.5639,2.06654
-1354.2,-376.784,70.6041,2.06654
-1354.31,-376.592,70.6443,2.06654
-1354.41,-376.401,70.6846,2.06654
-1354.51,-376.21,70.7248,2.06654
-1354.62,-376.018,70.765,2.06654
-1354.72,-375.827,70.8052,2.06654
-1354.82,-375.636,70.8454,2.06654
-1354.93,-375.444,70.8856,2.06654
-1355.03,-375.253,70.9258,2.06654
-1355.13,-375.061,70.966,2.06654
-1355.24,-374.87,71.0062,2.06654
-1355.34,-374.679,71.0464,2.06654
-1355.44,-374.487,71.0867,2.06654
-1355.55,-374.296,71.1269,2.06654
-1355.65,-374.105,71.1671,2.06654
-1355.76,-373.913,71.2073,2.06654
-1355.86,-373.722,71.2475,2.06654
-1355.96,-373.53,71.2877,2.06654
-1356.07,-373.339,71.3279,2.06654
-1356.17,-373.148,71.3681,2.06654
-1356.27,-372.956,71.4083,2.06654
-1356.38,-372.765,71.4486,2.06654
-1356.48,-372.574,71.4888,2.06654
-1356.58,-372.382,71.529,2.06654
-1356.69,-372.191,71.5692,2.06654
-1356.79,-371.999,71.6094,2.06654
-1356.89,-371.808,71.6496,2.06654
-1357,-371.617,71.6898,2.06654
-1357.1,-371.425,71.73,2.06654
-1357.2,-371.234,71.7702,2.06654
-1357.31,-371.042,71.8104,2.06654
-1357.41,-370.851,71.8507,2.06654
-1357.51,-370.66,71.8909,2.06654
-1357.62,-370.468,71.9311,2.06654
-1357.72,-370.277,71.9713,2.06654
-1357.83,-370.086,72.0115,2.06654
-1357.93,-369.894,72.0517,2.06654
-1358.03,-369.703,72.0919,2.06654
-1358.14,-369.511,72.1321,2.06654
-1358.24,-369.32,72.1723,2.06654
-1358.34,-369.129,72.2126,2.06654
-1358.45,-368.937,72.2528,2.06654
-1358.55,-368.746,72.293,2.06654
-1358.65,-368.555,72.3332,2.06654
-1358.76,-368.363,72.3734,2.06654
-1358.86,-368.172,72.4136,2.06654
-1358.96,-367.98,72.4538,2.06654
-1359.07,-367.789,72.494,2.06654
-1359.17,-367.598,72.5342,2.0722
-1359.42,-367.162,72.5744,2.0972
-1359.67,-366.733,72.6147,2.1222
-1359.94,-366.311,72.6549,2.1472
-1360.22,-365.895,72.6951,2.1722
-1360.51,-365.486,72.7353,2.1972
-1360.8,-365.085,72.7755,2.2222
-1361.11,-364.691,72.8157,2.2472
-1361.43,-364.305,72.8559,2.2722
-1361.76,-363.927,72.8961,2.2972
-1362.09,-363.558,72.9363,2.3222
-1362.44,-363.196,72.9766,2.3472
-1362.79,-362.844,73.0168,2.3722
-1363.16,-362.501,73.057,2.3972
-1363.53,-362.167,73.0972,2.4222
-1363.91,-361.842,73.1374,2.4472
-1364.3,-361.527,73.1776,2.4722
-1364.69,-361.222,73.2178,2.4972
-1365.1,-360.926,73.258,2.5222
-1365.51,-360.641,73.2982,2.5472
-1365.93,-360.366,73.3384,2.5722
-1366.35,-360.102,73.3787,2.5972
-1366.78,-359.848,73.4189,2.6222
-1367.22,-359.606,73.4591,2.6472
-1367.66,-359.374,73.4993,2.6722
-1368.11,-359.153,73.5395,2.6972
-1368.56,-358.944,73.5797,2.7222
-1369.02,-358.746,73.6199,2.7472
-1369.49,-358.56,73.6601,2.7722
-1369.96,-358.385,73.7003,2.7972
-1370.43,-358.222,73.7406,2.8222
-1370.69,-358.138,73.7808,2.83587
-1371.03,-358.026,73.8306,2.81761
-1371.79,-357.772,73.8804,2.81761
-1372.55,-357.518,73.9302,2.81761
-1373.3,-357.265,73.9801,2.81761
-1374.06,-357.011,74.0299,2.81761
-1374.81,-356.757,74.0797,2.81761
-1375.57,-356.504,74.1295,2.81761
-1376.32,-356.25,74.1794,2.81761
-1377.08,-355.996,74.2292,2.81761
-1377.83,-355.743,74.279,2.81761
-1378.59,-355.489,74.3289,2.81761
-1379.34,-355.235,74.3787,2.81761
-1380.1,-354.982,74.4285,2.81761
-1380.85,-354.728,74.4783,2.81761
-1381.61,-354.474,74.5282,2.81761
-1382.37,-354.221,74.578,2.81761
-1383.12,-353.967,74.6278,2.81761
-1383.88,-353.713,74.6776,2.81761
-1384.63,-353.46,74.7275,2.81761
-1385.39,-353.206,74.7773,2.81761
-1386.14,-352.952,74.8271,2.81761
-1386.9,-352.699,74.8769,2.81761
-1387.65,-352.445,74.9268,2.81761
-1388.41,-352.191,74.9766,2.81761
-1389.16,-351.938,75.0264,2.81761
-1389.92,-351.684,75.0762,2.81761
-1390.67,-351.43,75.1261,2.81761
-1391.43,-351.177,75.1759,2.81761
-1392.19,-350.923,75.2257,2.81761
-1392.94,-350.669,75.2756,2.81761
-1393.7,-350.416,75.3254,2.81761
-1394.45,-350.162,75.3752,2.81761
-1395.21,-349.908,75.425,2.81761
-1395.96,-349.655,75.4749,2.81761
-1396.72,-349.401,75.5247,2.81761
-1397.47,-349.147,75.5745,2.81761
-1398.23,-348.894,75.6243,2.81761
-1398.98,-348.64,75.6742,2.81761
-1399.74,-348.386,75.724,2.81761
-1400.49,-348.133,75.7738,2.81761
-1401.25,-347.879,75.8236,2.81761
-1402.01,-347.625,75.8735,2.81761
-1402.76,-347.372,75.9233,2.81761
-1403.52,-347.118,75.9731,2.81761
-1404.27,-346.864,76.0229,2.81761
-1405.03,-346.611,76.0728,2.81761
-1405.78,-346.357,76.1226,2.81761
-1406.54,-346.103,76.1724,2.81761
-1407.29,-345.85,76.2223,2.81761
-1408.05,-345.596,76.2721,2.81761
-1408.8,-345.342,76.3219,2.81761
-1409.56,-345.089,76.3717,2.81761
-1410.31,-344.835,76.4216,2.81761
-1411.07,-344.581,76.4714,2.81761
-1411.83,-344.328,76.5212,2.81761
-1412.58,-344.074,76.571,2.81761
-1413.34,-343.82,76.6209,2.81761
-1414.09,-343.567,76.6707,2.81761
-1414.85,-343.313,76.7205,2.81761
-1415.6,-343.059,76.7703,2.81761
-1416.36,-342.806,76.8202,2.81761
-1417.11,-342.552,76.87,2.81761
-1417.87,-342.298,76.9198,2.81761
-1418.62,-342.044,76.9696,2.81761
-1419.38,-341.791,77.0195,2.81761
-1420.13,-341.537,77.0693,2.81761
-1420.89,-341.283,77.1191,2.81761
-1421.65,-341.03,77.169,2.81761
-1422.4,-340.776,77.2188,2.81761
-1423.16,-340.522,77.2686,2.81761
-1423.91,-340.269,77.3184,2.81761
-1424.67,-340.015,77.3683,2.81761
-1425.42,-339.761,77.4181,2.81761
-1426.18,-339.508,77.4679,2.81761
-1426.93,-339.254,77.5177,2.81761
-1427.69,-339,77.5676,2.81761
-1428.44,-338.747,77.6174,2.81761
-1429.2,-338.493,77.6672,2.81761
-1429.95,-338.239,77.717,2.81761
-1430.71,-337.986,77.7669,2.81761
-1431.47,-337.732,77.8167,2.81761
-1432.22,-337.478,77.8665,2.81761
-1432.98,-337.225,77.9163,2.81761
-1433.73,-336.971,77.9662,2.81761
-1434.49,-336.717,78.016,2.81761
-1435.24,-336.464,78.0658,2.81761
-1436,-336.21,78.1157,2.81761
-1436.75,-335.956,78.1655,2.81761
-1437.51,-335.703,78.2153,2.81761
-1438.26,-335.449,78.2651,2.81761
-1439.02,-335.195,78.315,2.81761
-1439.77,-334.942,78.3648,2.81761
-1440.53,-334.688,78.4146,2.81761
-1441.29,-334.434,78.4644,2.81761
-1442.04,-334.181,78.5143,2.81761
-1442.8,-333.927,78.5641,2.81761
-1443.55,-333.673,78.6139,2.81761
-1444.31,-333.42,78.6637,2.81761
-1445.06,-333.166,78.7136,2.81761
-1445.82,-332.912,78.7634,2.81761
-1446.57,-332.659,78.8132,2.81771
-1447.05,-332.505,78.863,2.84271
-1447.53,-332.364,78.9129,2.86771
-1448.01,-332.235,78.9627,2.89271
-1448.5,-332.118,79.0125,2.91771
-1448.99,-332.013,79.0624,2.94271
-1449.48,-331.92,79.1122,2.96771
-1449.97,-331.84,79.162,2.99271
-1450.47,-331.772,79.2118,3.01771
-1450.82,-331.731,79.2617,3.0355
-1451.32,-331.685,79.3142,3.0605
-1451.82,-331.65,79.3668,3.0855
-1452.32,-331.628,79.4194,3.1105
-1452.82,-331.619,79.472,3.1355
-1453.32,-331.622,79.5246,-3.12269
-1453.82,-331.638,79.5772,-3.09769
-1454.32,-331.666,79.6297,-3.07269
-1454.81,-331.707,79.6823,-3.04769
-1455.31,-331.76,79.7349,-3.02269
-1455.81,-331.826,79.7875,-2.99769
-1456.3,-331.903,79.8401,-2.97269
-1456.79,-331.994,79.8927,-2.94769
-1457.28,-332.096,79.9452,-2.92269
-1457.77,-332.211,79.9978,-2.89769
-1458.25,-332.338,80.0504,-2.87269
-1458.73,-332.476,80.103,-2.84769
-1459.21,-332.627,80.1556,-2.82269
-1459.68,-332.79,80.2082,-2.79769
-1460.15,-332.964,80.2608,-2.77269
-1460.61,-333.15,80.3133,-2.74769
-1461.07,-333.348,80.3659,-2.72269
-1461.53,-333.557,80.4185,-2.69769
-1461.98,-333.778,80.4711,-2.67269
-1462.42,-334.009,80.5237,-2.64769
-1462.86,-334.252,80.5763,-2.62269
-1463.29,-334.505,80.6288,-2.59769
-1463.71,-334.769,80.6814,-2.57269
-1464.13,-335.044,80.734,-2.54769
-1464.54,-335.329,80.7866,-2.52269
-1464.94,-335.624,80.8392,-2.49769
-1465.34,-335.929,80.8918,-2.47269
-1465.73,-336.244,80.9443,-2.44769
-1466.11,-336.568,80.9969,-2.42269
-1466.48,-336.902,81.0495,-2.39769
-1466.85,-337.245,81.1021,-2.37269
-1467.2,-337.597,81.1547,-2.34769
-1467.55,-337.958,81.2073,-2.32269
-1467.88,-338.328,81.2598,-2.29769
-1468.21,-338.706,81.3124,-2.27269
-1468.53,-339.091,81.365,-2.24769
-1468.84,-339.485,81.4176,-2.22269
-1469.14,-339.886,81.4702,-2.19769
-1469.42,-340.295,81.5228,-2.17269
-1469.7,-340.71,81.5754,-2.14769
-1469.97,-341.133,81.6279,-2.12269
-1470.23,-341.562,81.6805,-2.09769
-1470.47,-341.997,81.7331,-2.07269
-1470.71,-342.438,81.7857,-2.04769
-1470.93,-342.885,81.8383,-2.02269
-1470.94,-342.898,81.8909,-2.01847
-1471.1,-343.233,81.9434,-2.01847
-1471.26,-343.568,81.996,-2.01847
-1471.42,-343.903,82.0486,-2.01847
-1471.58,-344.239,82.1012,-2.01847
-1471.74,-344.574,82.1538,-2.01847
-1471.9,-344.909,82.2064,-2.01847
-1472.06,-345.244,82.2589,-2.01847
-1472.22,-345.58,82.3115,-2.01847
-1472.39,-345.915,82.3641,-2.01847
-1472.55,-346.25,82.4167,-2.01847
-1472.71,-346.585,82.4693,-2.01847
-1472.87,-346.92,82.5219,-2.01847
-1473.03,-347.256,82.5744,-2.01847
-1473.19,-347.591,82.627,-2.01847
-1473.35,-347.926,82.6796,-2.01847
-1473.51,-348.261,82.7322,-2.01847
-1473.67,-348.597,82.7848,-2.01847
-1473.83,-348.932,82.8374,-2.01847
-1474,-349.267,82.89,-2.01847
-1474.16,-349.602,82.9425,-2.01847
-1474.32,-349.938,82.9951,-2.01847
-1474.48,-350.273,83.0477,-2.01847
-1474.64,-350.608,83.1003,-2.01847
-1474.8,-350.943,83.1529,-2.01847
-1474.96,-351.279,83.2055,-2.01847
-1475.12,-351.614,83.258,-2.01847
-1475.28,-351.949,83.3106,-2.01847
-1475.44,-352.284,83.3632,-2.01847
-1475.61,-352.619,83.4158,-2.01847
-1475.77,-352.955,83.4684,-2.01847
-1475.93,-353.29,83.521,-2.01847
-1476.09,-353.625,83.5735,-2.01847
-1476.25,-353.96,83.6261,-2.01847
-1476.41,-354.296,83.6787,-2.01847
-1476.57,-354.631,83.7313,-2.01847
-1476.73,-354.966,83.7839,-2.01847
-1476.89,-355.301,83.8365,-2.01847
-1477.05,-355.637,83.889,-2.01847
-1477.21,-355.972,83.9416,-2.01847
-1477.38,-356.307,83.9942,-2.01847
-1477.54,-356.642,84.0468,-2.01847
-1477.7,-356.978,84.0994,-2.01847
-1477.86,-357.313,84.152,-2.01847
-1478.02,-357.648,84.2045,-2.01847
-1478.18,-357.983,84.2571,-2.01847
-1478.34,-358.318,84.3097,-2.01847
-1478.5,-358.654,84.3623,-2.01847
-1478.66,-358.989,84.4149,-2.01847
-1478.82,-359.324,84.4675,-2.01847
-1478.99,-359.659,84.5201,-2.01847
-1479.15,-359.995,84.5726,-2.01847
-1479.31,-360.33,84.6252,-2.01847
-1479.47,-360.665,84.6778,-2.01847
-1479.63,-361,84.7304,-2.01847
-1479.79,-361.336,84.783,-2.01847
-1479.95,-361.671,84.8356,-2.01847
-1480.11,-362.006,84.8881,-2.01847
-1480.27,-362.341,84.9407,-2.01847
-1480.43,-362.676,84.9933,-2.01847
-1480.6,-363.012,85.0459,-2.01847
-1480.76,-363.347,85.0985,-2.01847
-1480.92,-363.682,85.1511,-2.01847
-1481.08,-364.017,85.2036,-2.01847
-1481.24,-364.353,85.2562,-2.01847
-1481.4,-364.688,85.3088,-2.01847
-1481.56,-365.023,85.3614,-2.01847
-1481.72,-365.358,85.414,-2.01847
-1481.88,-365.694,85.4666,-2.01847
-1482.04,-366.029,85.5191,-2.01847
-1482.21,-366.364,85.5717,-2.01847
-1482.37,-366.699,85.6243,-2.01847
-1482.53,-367.035,85.6769,-2.01847
-1482.69,-367.37,85.7295,-2.01847
-1482.85,-367.705,85.7821,-2.01847
-1483.01,-368.04,85.8347,-2.01847
-1483.17,-368.375,85.8872,-2.01847
-1483.33,-368.711,85.9398,-2.01847
-1483.49,-369.046,85.9924,-2.01847
-1483.65,-369.381,86.045,-2.01847
-1483.81,-369.716,86.0976,-2.01847
-1483.98,-370.052,86.1502,-2.01847
-1484.14,-370.387,86.2027,-2.01847
-1484.3,-370.722,86.2553,-2.01847
-1484.46,-371.057,86.3079,-2.01847
-1484.62,-371.393,86.3605,-2.01847
-1484.78,-371.728,86.4131,-2.01847
-1484.94,-372.063,86.4657,-2.01847
-1485.1,-372.398,86.5182,-2.01847
-1485.26,-372.733,86.5708,-2.01847
-1485.42,-373.069,86.6234,-2.01847
-1485.59,-373.404,86.676,-2.01847
-1485.75,-373.739,86.7286,-2.01847
-1485.91,-374.074,86.7812,-2.01847
-1486.07,-374.41,86.8337,-2.01847
-1486.23,-374.745,86.8863,-2.01847
-1486.39,-375.08,86.9389,-2.01847
-1486.55,-375.415,86.9915,-2.01847
-1486.71,-375.751,87.0441,-2.01847
-1486.87,-376.086,87.0967,-2.01847
-1487.03,-376.421,87.1493,-2.02201
-1487.26,-376.868,87.2018,-2.04701
-1487.49,-377.31,87.2544,-2.07201
-1487.74,-377.745,87.307,-2.09701
-1488,-378.174,87.3596,-2.12201
-1488.26,-378.597,87.4122,-2.14701
-1488.54,-379.013,87.4648,-2.17201
-1488.83,-379.422,87.5173,-2.19701
-1489.13,-379.823,87.5699,-2.22201
-1489.43,-380.217,87.6225,-2.24701
-1489.75,-380.603,87.6751,-2.27201
-1490.08,-380.981,87.7277,-2.29701
-1490.42,-381.35,87.7803,-2.32201
-1490.76,-381.712,87.8328,-2.34701
-1491.12,-382.064,87.8854,-2.37201
-1491.48,-382.407,87.938,-2.39701
-1491.85,-382.742,87.9906,-2.42201
-1492.23,-383.066,88.0432,-2.44701
-1492.62,-383.382,88.0958,-2.47201
-1493.02,-383.687,88.1483,-2.49701
-1493.42,-383.982,88.2009,-2.52201
-1493.83,-384.268,88.2535,-2.54701
-1494.25,-384.542,88.3061,-2.57201
-1494.67,-384.807,88.3587,-2.59701
-1495.1,-385.06,88.4113,-2.62201
-1495.54,-385.303,88.4638,-2.64701
-1495.96,-385.525,88.5164,-2.67087
-1496.41,-385.746,88.3025,-2.69587
-1496.86,-385.956,88.0885,-2.72087
-1497.32,-386.154,87.8745,-2.74587
-1497.79,-386.341,87.6605,-2.77087
-1498.26,-386.517,87.4465,-2.79587
-1498.73,-386.68,87.2326,-2.82087
-1499.2,-386.832,87.0186,-2.84587
-1499.68,-386.972,86.8046,-2.87087
-1500.17,-387.099,86.5906,-2.89587
-1500.65,-387.215,86.3766,-2.92087
-1501.14,-387.318,86.1627,-2.94587
-1501.64,-387.409,85.9487,-2.97087
-1502.13,-387.488,85.7347,-2.99587
-1502.62,-387.554,85.5207,-3.02087
-1503.12,-387.608,85.3067,-3.04587
-1503.62,-387.65,85.0928,-3.07087
-1504.12,-387.679,84.8788,-3.09587
-1504.62,-387.696,84.6648,-3.12087
-1505.12,-387.7,84.4508,3.13731
-1505.62,-387.691,84.2368,3.11231
-1506.12,-387.671,84.0228,3.08731
-1506.62,-387.637,83.8089,3.06231
-1507.11,-387.591,83.5949,3.03731
-1507.61,-387.533,83.3809,3.01231
-1508.11,-387.462,83.1669,2.98731
-1508.6,-387.379,82.9529,2.96231
-1509.09,-387.284,82.739,2.93731
-1509.58,-387.177,82.525,2.91231
-1510.06,-387.059,82.311,2.87928
-1510.27,-387.002,82.097,2.87928
-1510.48,-386.946,81.883,2.87928
-1510.69,-386.889,81.6691,2.87928
-1510.9,-386.832,81.4551,2.87928
-1511.11,-386.776,81.2411,2.87928
-1511.32,-386.719,81.0271,2.87928
-1511.53,-386.663,80.8131,2.87928
-1511.74,-386.606,80.5992,2.87928
-1511.95,-386.55,80.3852,2.87928
-1512.16,-386.493,80.1712,2.87928
-1512.37,-386.437,79.9572,2.87928
-1512.58,-386.38,79.7432,2.87928
-1512.79,-386.324,79.5293,2.87928
-1513.01,-386.267,79.3153,2.87928
-1513.22,-386.21,79.1013,2.87928
-1513.43,-386.154,78.8873,2.87928
-1513.64,-386.097,78.6733,2.87928
-1513.85,-386.041,78.4594,2.87928
-1514.06,-385.984,78.2454,2.87928
-1514.27,-385.928,78.0314,2.87928
-1514.48,-385.871,77.8174,2.87928
-1514.69,-385.815,77.6034,2.87928
-1514.9,-385.758,77.3895,2.87928
-1515.11,-385.701,77.1755,2.87928
-1515.32,-385.645,76.9615,2.87928
-1515.53,-385.588,76.7475,2.87928
-1515.74,-385.532,76.5335,2.87928
-1515.95,-385.475,76.3196,2.87928
-1516.16,-385.419,76.1056,2.87928
-1516.38,-385.362,75.8916,2.87928
-1516.59,-385.306,75.6776,2.87928
-1516.8,-385.249,75.4636,2.87928
-1517.01,-385.193,75.2497,2.87928
-1517.22,-385.136,75.0357,2.87928
-1517.43,-385.079,74.8217,2.87928
-1517.64,-385.023,74.6077,2.87928
-1517.85,-384.966,74.3937,2.87928
-1518.06,-384.91,74.1798,2.87928
-1518.27,-384.853,73.9658,2.87928
-1518.48,-384.797,73.7518,2.87928
-1518.69,-384.74,73.5378,2.87928
-1518.9,-384.684,73.3238,2.87928
-1519.11,-384.627,73.1099,2.87928
-1519.32,-384.57,72.8959,2.87928
-1519.53,-384.514,72.6819,2.87928
-1519.75,-384.457,72.4679,2.87928
-1519.96,-384.401,72.2539,2.87928
-1520.17,-384.344,72.04,2.87928
-1520.38,-384.288,71.826,2.87928
-1520.59,-384.231,71.612,2.87928
-1520.8,-384.175,71.398,2.87928
-1521.01,-384.118,71.184,2.87928
-1521.22,-384.062,70.9701,2.87928
-1521.43,-384.005,70.7561,2.87928
-1521.64,-383.948,70.5421,2.87928
-1521.85,-383.892,70.3281,2.87928
-1522.06,-383.835,70.1141,2.87928
-1522.27,-383.779,69.9002,2.87928
-1522.48,-383.722,69.6862,2.87928
-1522.69,-383.666,69.4722,2.87928
-1522.9,-383.609,69.2582,2.87928
-1523.12,-383.553,69.0442,2.87928
-1523.33,-383.496,68.8303,2.87928
-1523.54,-383.439,68.6163,2.87928
-1523.75,-383.383,68.4023,2.87928
-1523.96,-383.326,68.1883,2.87928
-1524.17,-383.27,67.9743,2.87928
-1524.38,-383.213,67.7604,2.87928
-1524.59,-383.157,67.5464,2.87928
-1524.8,-383.1,67.3324,2.87928
-1525.01,-383.044,67.1184,2.87928
-1525.22,-382.987,66.9044,2.87928
-1525.43,-382.931,66.6905,2.87928
-1525.64,-382.874,66.4765,2.87928
-1525.85,-382.817,66.2625,2.87928
-1526.06,-382.761,66.0485,2.87928
-1526.27,-382.704,65.8345,2.87928
-1526.48,-382.648,65.6206,2.87928
-1526.7,-382.591,65.4066,2.87928
-1526.91,-382.535,65.1926,2.87928
-1527.12,-382.478,64.9786,2.87928
-1527.33,-382.422,64.7646,2.87928
-1527.54,-382.365,64.5507,2.87928
-1527.75,-382.308,64.3367,2.87928
-1527.96,-382.252,64.1227,2.87928
-1528.17,-382.195,63.9087,2.87928
-1528.38,-382.139,63.6947,2.87928
-1528.59,-382.082,63.4808,2.87928
-1528.8,-382.026,63.2668,2.87928
-1529.01,-381.969,63.0528,2.87928
-1529.22,-381.913,62.8388,2.87928
-1529.43,-381.856,62.6248,2.87928
-1529.64,-381.8,62.4109,2.87928
-1529.85,-381.743,62.1969,2.87928
-1530.07,-381.686,61.9829,2.87928
-1530.28,-381.63,61.7689,2.87928
-1530.49,-381.573,61.5549,2.87928
-1530.7,-381.517,61.3409,2.87928
-1530.91,-381.46,61.127,2.87928
-1531.12,-381.404,60.913,2.88767
-1531.6,-381.284,60.699,2.91267
-1532.09,-381.177,60.485,2.93767
-1532.58,-381.082,60.271,2.96267
-1533.08,-380.999,60.0571,2.98767
-1533.57,-380.928,59.8431,3.01267
-1534.07,-380.87,59.6291,3.03767
-1534.57,-380.825,59.4151,3.06267
-1535.06,-380.791,59.2011,3.08767
-1535.56,-380.771,58.9872,3.11267
-1536.06,-380.763,58.7732,3.13767
-1536.56,-380.767,58.5592,-3.12052
-1537.06,-380.784,58.3452,-3.09552
-1537.56,-380.813,58.1312,-3.07052
-1538.06,-380.855,57.9173,-3.04552
-1538.56,-380.909,57.7033,-3.02052
-1539.05,-380.975,57.4893,-2.99552
-1539.55,-381.054,57.2753,-2.97052
-1540.04,-381.146,57.0613,-2.94552
-1540.53,-381.249,56.8474,-2.92052
-1541.01,-381.365,56.6334,-2.89552
-1541.5,-381.493,56.4194,-2.87052
-1541.98,-381.633,56.2054,-2.84552
-1542.45,-381.784,55.9914,-2.82052
-1542.93,-381.948,55.7775,-2.79552
-1543.4,-382.124,55.5635,-2.77052
-1543.86,-382.311,55.3495,-2.74552
-1544.32,-382.509,55.1355,-2.72052
-1544.77,-382.719,54.9215,-2.69552
-1545.22,-382.941,54.7076,-2.67052
-1545.66,-383.173,54.4936,-2.64552
-1546.1,-383.417,54.2796,-2.62052
-1546.53,-383.671,54.0656,-2.59552
-1546.95,-383.936,53.8516,-2.57052
-1547.37,-384.211,53.6377,-2.54552
-1547.78,-384.497,53.4237,-2.52052
-1548.18,-384.793,53.2097,-2.49552
-1548.58,-385.099,52.9957,-2.47052
-1548.97,-385.415,52.7817,-2.44552
-1549.35,-385.74,52.5678,-2.42052
-1549.72,-386.075,52.3538,-2.39552
-1550.08,-386.419,52.1398,-2.37052
-1550.43,-386.772,51.9258,-2.34552
-1550.78,-387.134,51.7118,-2.32052
-1551.12,-387.504,51.4979,-2.29552
-1551.44,-387.882,51.2839,-2.27052
-1551.76,-388.269,51.0699,-2.24552
-1552.07,-388.663,50.8559,-2.22052
-1552.37,-389.065,50.6419,-2.19552
-1552.65,-389.474,50.428,-2.17052
-1552.93,-389.89,50.214,-2.14552
