flight,route,date,speed_mps,payload_g,altitude_m,wind_speed_mps,wind_dir_deg,headwind_mps,crosswind_mps,heading_deg,distance_m,energy_wh,flight_time_s,energy_wh_per_km
8,R1,2019-05-06,4.0,0.0,25.0,2.9141848495514617,68.65716968496798,-0.7877338045667202,2.805699340716698,322.9744450332416,470.1976063828386,21.93369002325064,233.5,46.64781301628332
10,R1,2019-05-06,6.0,0.0,25.0,5.111713667365837,256.1290717757183,4.977914515772654,1.161887985476484,242.99096053388334,467.9541178572796,16.5286663279905,138.09,35.321125933614596
12,R1,2019-05-06,10.0,0.0,25.0,5.998580653282904,305.89140900855836,1.9915159244287925,-5.658341998915096,16.50132676523583,473.3706327838952,13.01160705414319,116.21,27.48714464524734
14,R1,2019-05-06,12.0,250.0,25.0,6.228248587351734,265.189565488114,4.286940325810295,-4.518099501869165,311.69340918554013,483.76071224835175,14.199480183135243,106.11,29.35228062886916
15,R1,2019-05-06,10.0,250.0,25.0,5.53214285581831,319.27214193471457,4.786965301632611,-2.773006992084041,349.35511978212475,472.07464562214193,14.239124632310583,113.2,30.16286675075506
16,R1,2019-05-06,8.0,250.0,25.0,5.378214286196799,226.42639739409552,3.9946534435179926,3.601101605681405,184.39235854137175,470.19716590897167,15.231555686626718,125.8,32.393975955132596
17,R1,2019-05-06,6.0,250.0,25.0,5.032758619347266,270.76146698053884,4.972248065388441,-0.7780800067185278,279.6552441762628,469.4927715866679,17.53797304889868,139.09,37.35515030322717
18,R1,2019-05-06,4.0,250.0,25.0,5.064933920221707,276.0031662367527,4.693798179356794,-1.9031064782820923,298.07332315403806,471.108733512009,23.29621604287279,170.2,49.449764747948464
20,R1,2019-05-06,8.0,250.0,50.0,4.849892922463713,322.01897655694296,4.680624373263675,1.2701247323682994,306.8369069074467,476.6211776763231,18.847806522410565,140.09,39.544626645210144
23,R1,2019-05-06,12.0,250.0,50.0,5.625943393428933,268.04166300845395,1.8534750562992013,-5.311861188109431,338.8061805204763,474.88368089780204,16.924245689048536,127.0,35.638718216326204
59,R1,2019-06-05,10.0,250.0,50.0,5.7589798056452235,347.82093989339467,4.001616670848156,-4.141607468292912,33.80581906678009,470.6965591447801,17.6057158935616,141.1,37.40353642174451
60,R1,2019-06-05,12.0,250.0,75.0,5.167896315737712,35.298758651303785,-0.8400674985249973,-5.099160610153143,134.65398870935917,471.8205696175427,19.222151869300365,150.41,40.7403854496675
68,R1,2019-06-05,12.0,250.0,100.0,4.710664339324499,42.974917950181805,1.795889431567728,4.354898353276097,335.38537443085454,478.54619030095586,22.74201781707524,171.49,47.523140457502905
76,R1,2019-06-11,4.0,750.0,25.0,3.9262022189015084,10.272717955183282,-3.428972423429534,1.9123838482550826,219.42171133207842,469.35237596618083,25.897092809868173,243.3,55.176226085055944
77,R1,2019-06-11,12.0,0.0,25.0,5.7623762443120725,34.16044830875643,-5.752300791696025,0.3406106029843897,217.54914272653943,471.67122732281825,13.390829837885516,136.3,28.390177441798137
78,R1,2019-06-11,6.0,0.0,50.0,5.71845663959485,19.231596129993193,5.478958482171746,-1.6376081001157459,35.872496588850936,473.2692879631238,19.080999791218446,188.5,40.317426624787025
79,R1,2019-06-11,10.0,0.0,50.0,5.664046022544543,356.60076147036096,0.70442062582371,5.620071968170585,273.744965963229,475.402155867169,15.011860635592987,156.21,31.57718249764819
80,R1,2019-06-11,12.0,0.0,50.0,5.723031335973214,43.91512166133742,2.497900102206831,-5.149134174978009,108.03660168674094,483.07904721123725,16.48724026778352,176.9,34.12948742646274
81,R1,2019-06-11,6.0,0.0,75.0,5.833919609012316,355.3675428992341,-5.707249736243351,-1.2090981980668998,163.40611487671595,475.4136205729396,20.815301002366486,179.0,43.78356046526633
82,R1,2019-06-11,8.0,0.0,75.0,6.137766842429078,12.408392798362627,1.5665069846015514,5.934495570747051,297.1952666569611,470.27773516084073,18.841216753291704,181.9,40.064020353521045
83,R1,2019-06-11,12.0,0.0,75.0,5.731486143358208,19.052632307750287,4.956221585921394,2.87850673140675,348.9051896355961,475.9031562877968,18.349172968146522,178.3,38.55652715412982
84,R1,2019-06-11,6.0,0.0,100.0,6.41034936243834,9.906691104852882,5.068894301779697,3.924141881468986,332.1610404366727,474.6698731593653,23.853130996121898,227.3,50.2520432513598
85,R1,2019-06-11,10.0,0.0,100.0,6.396301187525652,4.6261367870158665,2.9633647807126997,5.668433474777105,302.22597305054035,481.3166906910029,21.02216424576122,226.5,43.67636662585028
86,R1,2019-06-11,12.0,0.0,100.0,5.696551729060942,22.442423512656887,5.218366142466609,2.2845910804836334,358.79870871137865,480.42802395225294,19.900411228230222,182.69,41.42225314942913
87,R1,2019-06-11,4.0,250.0,100.0,5.910173557533753,349.1267486832794,5.308526638493735,2.5980177844990937,323.04940641201324,476.1582151902628,29.026543039196195,250.1,60.959870297728244
88,R1,2019-06-11,8.0,250.0,100.0,5.201022639206677,19.17909323644659,4.976510992676118,-1.5116133213603722,36.07523201436277,479.20966868568416,22.958414419509545,205.3,47.90891319550582
91,R1,2019-06-19,10.0,500.0,75.0,4.612405070423577,205.48793330175928,-4.567210263851974,-0.6441047581211476,17.460560450590833,476.8199346423527,21.901518597287836,177.39,45.932472629768434
92,R1,2019-06-19,12.0,500.0,75.0,5.185434417408817,236.76407801313601,-2.138220828996619,-4.724059883584556,351.11670612986717,481.2621105184454,21.814670232158722,175.81,45.32804423073864
93,R1,2019-06-19,6.0,500.0,50.0,4.710461288494176,230.52975686676044,-0.9726282083210556,-4.608952149760332,332.4460586255117,470.3279631031231,22.622492500361638,181.81,48.09939930235761
94,R1,2019-06-19,4.0,500.0,50.0,3.65462012959212,196.06688827537704,3.597891625635096,0.6414235276358153,185.958531668651,464.64623470560355,27.968340239957005,219.2,60.19276204331568
95,R1,2019-06-19,10.0,500.0,50.0,4.066979361505826,313.86721537172264,-1.915258412840968,3.587771779106948,195.77260029689307,472.0625843673322,19.067441610910503,159.7,40.39176635120336
96,R1,2019-06-19,6.0,500.0,75.0,4.188366884947667,206.18719438677536,1.339444065042536,3.9684136326180206,134.8380871461984,469.2129702248465,25.55374094878777,201.0,54.46085801196509
97,R1,2019-06-19,4.0,500.0,75.0,3.075776789798038,294.06108293120747,-1.1801814685860688,-2.840347612857686,46.62426059354317,469.5749341502244,31.366480717342217,236.39,66.79760446350313
98,R1,2019-06-19,12.0,500.0,25.0,4.592307692348752,176.91148812739766,-3.266722110872385,3.2276642625191028,41.566910093550746,471.1156738033207,14.885071171255376,130.5,31.59536393915336
99,R1,2019-06-19,8.0,500.0,75.0,3.8040816425060737,201.86073871060944,0.8348521121328875,3.7113419532183998,124.53818587928595,473.7571756191516,23.54348220232913,190.7,49.695251943277135
100,R1,2019-06-19,12.0,500.0,50.0,4.178598855055454,229.23086882357413,-3.076746674028143,2.8274225533739226,91.81279152606919,471.43620990915826,18.39610256721837,156.01,39.02140349118101
101,R1,2019-06-19,8.0,500.0,50.0,3.898360653619243,261.18661349502145,-0.523401810718596,-3.863064370447786,358.9025622665378,467.73489314488546,19.99318031563472,164.5,42.744684240270345
102,R1,2019-06-19,4.0,500.0,100.0,3.7238151693663677,208.6036299521864,-3.4060202147590464,-1.5052659938548436,4.760944676898873,462.27072758570023,34.01793983367575,252.5,73.58878207872068
105,R1,2019-06-19,6.0,500.0,100.0,3.7541638516853126,197.85750133936315,1.945601568020679,-3.210666716402713,256.64245355703645,467.95296062452314,28.957813226945888,221.1,61.88188912898257
106,R1,2019-06-19,10.0,500.0,100.0,4.039260976469636,153.6496578731152,-3.3126707725022535,-2.31124243406869,298.7462690682852,473.42463725121746,25.280630069750284,194.8,53.39948131245101
107,R1,2019-06-19,12.0,500.0,100.0,3.8265384538643636,160.59690984212125,-2.704994006373895,-2.7065483487985174,295.5804529334333,481.7164881754873,25.075173317867016,194.9,52.05379913990454
108,R1,2019-06-24,6.0,0.0,25.0,4.894967379907748,204.19141759282599,4.701587904649601,-1.3622689988447567,220.3501820057699,467.9504910491653,15.728913612697344,161.9,33.61234556551578
109,R1,2019-06-24,4.0,500.0,75.0,4.537256068904184,224.8319309227943,2.684519857352305,3.6578744880447998,171.10693503132052,468.2512342925704,30.981629750793275,253.9,66.16454476110465
110,R1,2019-06-24,4.0,0.0,75.0,3.4013513451950117,194.54993424486028,2.8776864604843113,1.813315088065279,162.33369581514057,465.85397673423176,25.51304337503535,245.8,54.7661813555591
111,R1,2019-06-24,12.0,250.0,25.0,4.495364240973069,233.99182901202204,2.29459579190796,3.8656344641957117,174.6847056033016,472.2744063881425,14.125943683960486,135.8,29.91045776118337
112,R1,2019-06-24,6.0,500.0,75.0,4.6520864374591415,221.69487067344056,2.3101171927820263,4.037978055562483,161.46863659400003,465.5109186808763,25.985321999076994,201.5,55.821079498439914
113,R1,2019-06-24,12.0,250.0,100.0,5.304583005915004,208.37576261935976,-0.0537412260236746,5.304310770238461,117.79528379389058,471.3027535150318,21.85345294297521,201.2,46.36818431462488
114,R1,2019-06-24,10.0,0.0,75.0,5.368707477336838,210.4980267792789,2.3418815226289764,4.831005165716703,146.36031179522598,472.28205255462956,18.886466172667046,176.92,39.989802852994124
115,R1,2019-06-24,8.0,500.0,25.0,5.675553328674324,211.612531821234,-5.223694214570072,-2.2192170554709967,8.594964829636353,473.1445179157687,17.39567319824691,148.8,36.76608845617813
116,R1,2019-06-24,12.0,0.0,25.0,5.843348120242159,229.36061639282707,1.586497549257135,5.62385479724883,155.1144522041277,469.41226803358643,14.042528040270449,134.9,29.915127908982786
117,R1,2019-06-24,10.0,0.0,50.0,5.688164021267807,222.12111764032596,-5.038409461200207,-2.6400075822114206,14.467640677395423,477.3962560540982,15.932734042062929,161.0,33.37423333344584
118,R1,2019-06-24,4.0,250.0,100.0,5.797417849022458,229.38479594570694,-0.7136204570449728,5.7533294325504345,132.31416464278385,470.1497321092547,30.543460115639576,256.2,64.96538874671059
119,R1,2019-06-24,8.0,0.0,50.0,4.277119281523584,227.7907450174473,-3.810408077844315,1.9428174460508674,74.80647114211627,472.55491653238136,17.027740248318207,199.5,36.033357505341705
120,R1,2019-06-25,10.0,250.0,25.0,5.26590661541129,217.47699976498603,-3.2046784229391427,4.178493590731076,89.99074618686194,468.8303879693075,13.759992119987963,138.4,29.349616563013353
121,R1,2019-06-25,6.0,0.0,50.0,5.208032780641415,280.74279064504606,-4.954251705694292,1.6059251168285378,118.70293881291474,467.05918307194855,18.269310071222225,183.1,39.11562117473218
122,R1,2019-06-25,10.0,500.0,75.0,5.044969903889752,301.8671115975429,-4.421689865971239,-2.4290697932172765,93.08477461874446,481.88153952116687,21.3328927543641,174.4,44.269993773909746
123,R1,2019-06-25,6.0,250.0,100.0,6.05658263274852,282.9496392217705,-6.054923776260841,0.14174361002229832,104.29066809202214,475.7445797840433,26.35533287833084,215.1,55.39807282784898
124,R1,2019-06-25,8.0,0.0,25.0,4.841465868467248,339.2841394670713,2.8560374182084196,-3.9093275663887144,33.13339621209741,475.2104393855044,14.389542510606558,149.8,30.28035859063556
125,R1,2019-06-25,4.0,250.0,75.0,5.312409718056807,266.28122969152867,-5.147579995404388,-1.3130564357318997,71.97125152879357,467.44635456224415,27.606640677869354,231.61,59.058414743061846
126,R1,2019-06-25,4.0,500.0,100.0,6.103141375635862,275.7471844404732,-4.045483594673269,4.569726155496394,144.22938573879617,481.09917643850326,36.225650275518255,262.51,75.2976767569853
127,R1,2019-06-25,8.0,250.0,50.0,4.961418043513325,307.0209409297961,-4.654493897982214,-1.7179509760601206,106.76208351158556,473.16605196732485,19.381997429444876,163.6,40.962358455046825
128,R1,2019-06-25,8.0,0.0,100.0,5.920909763831079,287.1262684872594,-5.920907177423881,0.005534235320468062,107.17982248242458,476.04589353959364,21.748186387413806,205.3,45.68506247518963
129,R1,2019-06-25,12.0,500.0,75.0,6.670192316150627,229.2087601484627,-6.317400851767997,2.1405401216786037,67.9268058522095,481.5959754926798,24.779988950430152,188.3,51.453895404918725
130,R1,2019-06-25,10.0,500.0,50.0,5.585645466511764,260.8557595732122,-4.54535420253834,3.2464119348952716,116.39118668855798,473.46000158400915,19.433643804814306,155.6,41.046009673039016
131,R1,2019-06-25,4.0,0.0,100.0,5.831995133790946,277.85437112543326,-5.330782079309282,2.36536036651422,121.78206175432888,472.1026212654441,27.51420845820435,250.21,58.2801433816531
134,R1,2019-06-29,12.0,500.0,50.0,4.563221595751284,202.4725692937343,0.12945425377395184,4.561384979160466,114.09821413281844,463.62103338988584,18.17619541106542,160.69,39.20485504759229
135,R1,2019-06-29,4.0,250.0,25.0,3.8673796828599993,164.59916530629562,2.135922392919407,-3.224044221598665,221.07477732519638,456.7367407447569,23.60553855552156,196.3,51.68302974056842
136,R1,2019-06-29,8.0,250.0,25.0,3.7567202078268274,72.33772929141833,-1.410032125015788,3.4820620508999984,320.29265155525036,461.6546594909986,15.657140847953613,177.2,33.91526658740222
137,R1,2019-06-29,8.0,250.0,100.0,5.524030421906551,274.57792174290614,-3.9525181079554175,3.859081847853657,138.8926270402112,470.80120895192545,24.514536085672784,197.4,52.06982399269076
138,R1,2019-06-29,8.0,500.0,100.0,6.346676628121339,305.75134792869324,0.27137144691875953,-6.3408723185172935,33.30074564647134,476.9875886168511,26.78663664284527,200.9,56.15793216028965
139,R1,2019-06-29,12.0,0.0,50.0,6.177320568641407,237.3426565583563,0.43521403894086297,6.1619703137932245,151.3826934369103,467.0610013884129,16.485542939058927,156.7,35.29633793027685
140,R1,2019-06-29,4.0,500.0,25.0,4.745681813539881,245.94105352179707,2.8863943289389127,-3.7669913264079145,298.4805142100444,457.48536827075094,25.50672381123102,199.2,55.75418489916714
141,R1,2019-06-29,12.0,0.0,75.0,5.370902159702141,346.10639632597935,4.7253947260142874,-2.5528875205244517,14.486466024188928,482.071148624183,19.8162356642298,237.6,41.10645434970493
142,R1,2019-07-01,8.0,250.0,75.0,4.168354435309076,169.41713257212575,-3.891293114754969,-1.4943281411461857,328.4094245708659,468.1230142768537,21.295592306155967,177.5,45.49144489093948
143,R1,2019-07-01,12.0,0.0,75.0,4.733392862416804,187.89177701546578,-3.670219482284889,-2.9890628868986324,328.73206653411125,471.1862267886912,17.607915048504044,167.9,37.36933307348246
144,R1,2019-07-01,8.0,500.0,50.0,4.27547495713094,123.81685406776711,-3.808185648697628,1.9435555495295833,330.8549206284955,467.4041231106896,19.971353373114468,173.5,42.7282353441818
145,R1,2019-07-01,6.0,500.0,100.0,4.073061231204441,173.0626987442722,-3.6026819426082133,1.9001343672344202,20.870857385652926,468.5842619412905,28.564471333841237,220.4,60.959092427692575
146,R1,2019-07-01,10.0,0.0,25.0,4.1444991710542265,111.45538438299428,-3.149004397553587,2.694558346567642,332.00851873641585,465.67363129757825,13.112932871206164,182.5,28.159062463269773
147,R1,2019-07-01,6.0,250.0,75.0,3.509208106588483,217.65910511658532,-0.47080490431541827,-3.477482462560937,315.36931195285456,466.6390331362044,23.98078849629447,244.2,51.39044699095042
148,R1,2019-07-01,4.0,0.0,50.0,2.809077452682602,127.27686813843872,-2.806725744516724,-0.11492053879449526,304.9322193908076,467.6973159274883,22.862702761629965,304.2,48.88354494036607
149,R1,2019-07-03,10.0,250.0,75.0,4.4229706355687455,173.49261227355282,-4.36472690729191,-0.7154217412585286,344.1840432563384,469.6864352487854,20.480249949437397,173.81,43.604090755972834
150,R1,2019-07-03,12.0,0.0,100.0,4.578024693403715,225.66038132424896,-2.724692372483882,-3.6789076597194352,352.1849684451072,470.19763762561456,19.517114419512687,182.1,41.50832087985265
151,R1,2019-07-03,12.0,250.0,50.0,4.684984984579268,174.77069246011683,-3.011608356602453,-3.588774082075309,304.7732158367523,466.64587953136333,17.427478609879522,149.71,37.34626056782361
152,R1,2019-07-03,10.0,500.0,100.0,4.068217053865046,355.0582553925974,4.019557079833673,0.6273363366786525,346.1876074302057,475.2302516273289,25.74997528035633,193.39,54.184209006435935
153,R1,2019-07-03,10.0,250.0,100.0,4.151471756297914,321.9298952258641,-4.114461560684187,0.5531037958571021,149.58622177831182,473.79514665918157,22.54540144025267,188.29,47.584703218731825
154,R1,2019-07-03,6.0,250.0,50.0,3.9090677997444647,355.0214648188825,3.8152388551516143,-0.851330453549283,7.600345174791073,463.7773692001048,21.38179794974462,176.7,46.1035819548993
155,R1,2019-07-03,12.0,500.0,100.0,4.984952231928421,8.866026095892607,2.390271581812485,4.374511460699102,307.5186069701423,476.2820963385784,25.22038491810889,188.2,52.952620121543006
156,R1,2019-07-03,4.0,500.0,50.0,3.799378016383053,28.15843308378294,0.23820767590208689,3.791903270722521,301.75303510507007,465.00412416620964,28.994061257341592,217.1,62.35226689511693
157,R1,2019-07-03,10.0,250.0,50.0,4.128557211501682,176.382707378624,2.320292882266287,-3.414853670239319,232.18774945239016,467.3650937506676,17.127208690834816,150.91,36.64631552473607
158,R1,2019-07-03,12.0,250.0,75.0,4.350221827137015,204.86385700331695,-2.0208146391797284,3.852367861377755,87.18395767220852,470.36104210702695,20.188696237650024,168.9,42.92170148108534
159,R1,2019-07-03,6.0,250.0,25.0,3.8309924972665668,188.49074007678428,-0.2498849574479871,-3.822834160953617,282.23063915827106,463.48432876243305,18.170553185579706,160.2,39.20424501535485
160,R1,2019-07-03,4.0,250.0,50.0,3.464624911546707,25.907909413252753,-1.5003814430394937,3.122896300406524,270.2461621583065,463.78355233454107,25.8538176553684,218.0,55.74543884798929
162,R1,2019-07-03,8.0,500.0,75.0,4.316500831457167,314.83566979575477,4.078934119839033,1.4122591383961298,295.73815882343695,470.47589362317785,23.431954835576207,181.3,49.804793727314234
163,R1,2019-07-03,6.0,0.0,75.0,4.308235291106736,348.5457419184256,3.0325092682756902,3.0601926183427697,303.2854094360665,469.79410338696675,20.433530537712674,204.11,43.49465093409589
164,R1,2019-07-03,10.0,0.0,100.0,4.614452221917847,319.611530474848,4.3246243511913285,1.6095942126652694,299.1966243296986,477.6227019771494,20.19617370424809,193.1,42.284785921282115
165,R1,2019-07-03,8.0,0.0,75.0,4.480276559518848,316.7476355651572,2.0088643875575847,4.004665019970702,253.38740056572237,474.81018258001853,18.66348914769949,206.0,39.30726389709256
166,R1,2019-07-09,6.0,500.0,50.0,4.168930525988178,92.50061743021956,-1.6467105746952804,3.8299250663299937,339.23489743609895,469.0444280678799,22.27553858619125,191.99,47.49131905894327
167,R1,2019-07-09,10.0,500.0,25.0,4.3995793842319815,329.93814821489684,4.3847637257430305,-0.3607572973165758,334.6415759981217,469.6696602089075,15.992694555408717,142.51,34.050942418327
168,R1,2019-07-09,10.0,250.0,75.0,4.323548912458357,33.32169263844639,3.927004044461668,1.8087881117481786,8.590774309290964,487.14604657345876,20.693827657681794,180.8,42.4797200002757
169,R1,2019-07-09,6.0,0.0,50.0,3.8836333964221215,314.40989445607886,0.23508087534282018,-3.876512006927526,40.93959244146305,470.18053850049694,19.61922447832703,183.3,41.72700244228908
170,R1,2019-07-09,6.0,0.0,25.0,4.315909099605951,9.199222301929353,3.0826489271273005,3.0206533975519854,324.7811957722381,470.4006161442444,16.551028543552466,164.5,35.18496357257583
171,R1,2019-07-09,12.0,0.0,25.0,4.964285718661452,7.975107951108441,4.5635633672535665,1.9539759695470529,344.79600403129837,477.16360461980025,13.11700205425191,132.09,27.489527548320503
172,R1,2019-07-09,6.0,0.0,100.0,3.8642953933900612,1.3065605636235773,3.8254018803298764,0.5468814691908045,353.17065328219894,477.71143811613115,23.603873606067804,221.0,49.41031702977505
173,R1,2019-07-09,6.0,250.0,100.0,4.077108439192714,57.857242759920155,0.8969830857198626,3.977214423295395,340.5665527686806,476.883109117247,26.92307296999444,236.6,56.45633585100433
174,R1,2019-07-09,12.0,250.0,75.0,4.35104711962308,91.53050046607768,-2.264558505620315,3.7152908112021303,330.16719491386937,478.19261541785227,19.98620225961332,171.8,41.795296738635464
175,R1,2019-07-09,6.0,0.0,75.0,4.095628841820122,36.81536005148763,3.434049357125093,-2.231923077253686,69.83677610487808,475.33038882439394,20.83495962964037,195.2,43.83258491250732
176,R1,2019-07-09,8.0,0.0,100.0,4.146131182324166,118.63105592818783,1.8196850358037726,3.7254731446505702,54.663974969950175,476.06689586318976,21.949735942507992,203.4,46.10641095451388
177,R1,2019-07-09,10.0,0.0,25.0,4.934015066746875,84.47639711553319,4.780819250196412,1.2199475299522475,70.16140883127503,473.5478452196926,13.560521845711824,139.0,28.63601214238596
178,R1,2019-07-10,10.0,500.0,25.0,4.703675672266934,184.8738804484634,4.259475356872225,-1.9953532304015802,209.9746434810309,470.43804743811575,15.905818897244902,138.1,33.8106558001928
179,R1,2019-07-10,6.0,500.0,100.0,4.78711960649794,193.57560401308768,-3.844255396398641,-2.852755610664349,336.9971314206657,465.7331571292169,28.390323310559012,211.9,60.958346804331484
180,R1,2019-07-10,10.0,500.0,75.0,5.323780476008558,182.92834234785522,-4.024077021538474,3.485605066764729,43.82704246695454,473.5203012193141,22.010653710138197,172.0,46.48302016505057
181,R1,2019-07-10,6.0,250.0,50.0,4.609044369627998,173.7796340296286,1.8356775571343338,4.227715447784167,107.25015972474364,466.55732725051354,20.811664102506587,175.6,44.6068744116668
182,R1,2019-07-10,8.0,500.0,50.0,4.185584095668576,175.10046585302803,-1.4669755811397542,-3.920088884993988,285.6173190903328,468.48622723066615,20.481399219853888,180.8,43.71825259607807
183,R1,2019-07-10,12.0,500.0,25.0,4.930870996946274,193.47196631485988,-2.670785679568143,-4.144923719725089,316.2677138989556,469.4605776834933,15.166908841304885,135.9,32.30709789551339
184,R1,2019-07-10,4.0,500.0,100.0,4.223201442715362,166.28642522148675,-4.207140014880126,0.36797190238870564,351.2850040251528,466.75642149319594,34.20367078859258,249.9,73.27948628788427
185,R1,2019-07-10,10.0,250.0,50.0,4.186524829731108,179.80395895173342,-4.175408331608841,0.30488590371901597,3.9802517527440955,471.3228867271134,17.70035732358102,190.3,37.55463148945104
186,R1,2019-07-10,12.0,0.0,75.0,4.814893613787407,201.2732708411071,-4.474045761253897,-1.7793580410633498,359.5852228947528,470.9393468957907,18.552649802909656,168.9,39.394987752032065
187,R1,2019-07-10,12.0,250.0,25.0,4.532282612286508,143.87107392082214,-1.879844114517817,4.124047985019978,29.366390071558953,471.322919744876,13.867535264196047,137.8,29.422577776829634
188,R1,2019-07-10,4.0,0.0,100.0,3.447747301737195,161.02782014059153,-3.3788244371667613,0.6859350402485844,352.5034816565365,468.420881408526,27.46573515444555,306.3,58.634736931148325
189,R1,2019-07-10,8.0,250.0,25.0,4.98987855282631,140.66894341894704,-2.407375258856885,-4.370747342846499,259.51459089643697,470.5945057161562,15.129963163118564,147.9,32.15074332432677
190,R1,2019-07-10,10.0,250.0,100.0,4.129878044741728,173.44768518292585,-4.028673295465048,-0.9086716364267957,340.73725180093373,477.3962471390089,23.001420376741486,196.61,48.180982809535784
191,R1,2019-07-15,12.0,250.0,100.0,3.499145301037179,124.21180065504313,-2.214214350069073,2.709478298440267,354.95574304351317,475.94098923062563,23.14170258268022,193.0,48.62305013924006
192,R1,2019-07-15,12.0,0.0,50.0,3.779433975087584,150.92531468865542,-3.761487237181681,-0.3678789699964665,325.3394679743169,476.27820505265214,15.29634105550392,158.89,32.11639939268883
193,R1,2019-07-15,4.0,500.0,50.0,3.283620105219232,77.06968817226044,0.9627166019383476,-3.139321222772885,150.02080021705194,471.83193501198207,27.85864468966157,217.8,59.04357594819034
194,R1,2019-07-15,12.0,0.0,100.0,3.648389458154515,92.79938748420409,-0.37156434267285604,3.629419454627294,356.95405663126576,475.86613588446113,19.34584665288036,204.71,40.653967983923685
195,R1,2019-07-15,8.0,250.0,100.0,3.559397413236339,104.67698848190679,1.540985354087944,3.208531452836328,40.330913584644804,471.93123833144625,23.287678895365474,208.79,49.345491469691815
196,R1,2019-07-15,12.0,250.0,50.0,2.566422540243243,110.99190675805755,-1.6754199476990588,-1.9440917298112919,241.74669885689985,481.60378987500667,16.899858393487033,266.11,35.0907919513531
197,R1,2019-07-15,10.0,250.0,25.0,4.45272925056875,61.59364974035469,-3.4016608584729218,2.8732387966898623,281.7800130829927,468.21933325406326,14.212654590279575,137.3,30.35469400954352
198,R1,2019-07-15,10.0,0.0,50.0,4.088431371573139,86.75332375583093,3.998094382901023,0.854700172855201,74.68644329812582,470.8485207616992,15.780259545681005,152.9,33.514514434818715
199,R1,2019-07-15,4.0,250.0,50.0,2.90354837492589,122.17264749173131,-0.47696549124009374,-2.864104936223684,221.6274694033237,466.4479530545145,24.79584995894245,232.0,53.158878276917896
200,R1,2019-07-15,4.0,500.0,25.0,3.5154725544427228,143.98965567097554,-2.121471520932893,2.803195652627679,16.87104997507231,467.55470599257853,24.067976325074536,196.89,51.47627863990864
201,R1,2019-07-15,4.0,250.0,75.0,3.1733205358492436,137.2906639774709,-0.9827129706183817,3.0173230587096445,29.250734823328855,468.57024577056563,28.188454747277074,234.5,60.15843942656036
202,R1,2019-07-15,4.0,250.0,25.0,3.121653851526303,120.1803024966099,-1.8269427395280715,2.531205838179635,354.35976635552794,468.5724213632741,22.68387049832617,214.32,48.410596663647546
203,R1,2019-07-15,8.0,0.0,25.0,4.305047324747944,64.31658000813866,2.0671114358416895,3.7763054405241028,3.0124310652257122,468.45837709126306,14.336895042697684,142.7,30.604415981880567
204,R1,2019-07-15,6.0,250.0,25.0,3.7575539587427387,175.06147868776452,-1.476404599903344,3.4553496509394637,61.92538978790128,474.7848426290832,18.36565255940739,166.5,38.682053238492315
205,R1,2019-07-15,6.0,500.0,25.0,4.015199264599506,109.26032156617151,3.0780262853054325,2.5782899994781916,69.30930141925143,473.0813910761002,19.429945494123434,161.8,41.07104160222172
206,R1,2019-07-15,8.0,250.0,75.0,4.024616631555211,138.48291879716123,1.4251792557461231,3.7638282532524965,69.22216586006266,474.2785592501347,20.83295162472073,185.7,43.925560661352655
207,R1,2019-07-15,8.0,0.0,50.0,4.545281314482057,147.731895674312,-0.8729215385702741,4.460671498247752,46.65944822046731,474.1373166094844,16.5595328461481,165.2,34.92560544393323
208,R1,2019-07-15,6.0,250.0,75.0,4.267499998031241,151.07818168386336,0.3823529673993434,4.250336744484789,66.21857485149377,472.1629826500141,22.990779034394933,198.09,48.692463999103055
209,R1,2019-07-15,6.0,500.0,50.0,4.021214716066347,182.04382890911634,1.4073714277541363,3.766891750110406,112.53032687748413,466.9202316970069,23.001485012108283,175.3,49.262129697207826
210,R1,2019-07-15,4.0,250.0,100.0,3.3499105508990707,152.32361620202744,2.417236193632499,2.319239074183165,108.50889007256342,469.9387281595232,31.161500265829865,251.49,66.30970890156541
225,R1,2019-07-24,8.0,250.0,75.0,4.6534823712253,52.81766240522546,-1.9952923981716162,-4.204010754636957,168.20744465788243,472.15581496354594,21.19346565284372,174.39,44.886592478968026
226,R1,2019-07-24,8.0,500.0,75.0,4.445004001795817,342.61794889164105,-4.443336409659471,0.12174615630607792,164.1874443011726,471.20008311389296,22.993637234929885,187.0,48.79803306268121
227,R1,2019-07-24,6.0,0.0,100.0,3.6589743633259526,301.7523735301626,3.0742103209800455,-1.9842692090178502,334.5928591564649,474.65087714867,24.317994224854015,216.21,51.23343365746512
228,R1,2019-07-24,10.0,500.0,100.0,4.551298186780898,68.3093882840098,2.508542098356045,-3.7975691864363106,124.86202492642974,478.4464335175488,24.62820119794814,190.71,51.475357474986396
229,R1,2019-07-24,10.0,0.0,50.0,4.7264007635039595,111.35998175597933,4.634102873102585,-0.9294916560965896,122.70166560788527,473.1851998651863,15.368196353254755,157.9,32.478184773389486
230,R1,2019-07-24,6.0,500.0,25.0,4.1780510048342965,101.46756633481874,0.3987133990342321,-4.158982787224232,185.9914694551408,466.2303451298478,19.519242822707312,164.6,41.866092644122276
231,R1,2019-07-24,8.0,500.0,100.0,4.184981132048481,19.807682469849,-3.245461790973383,-2.6421666940096014,160.65826227972957,476.7092875068142,26.953086227480664,198.4,56.53988066489137
232,R1,2019-07-24,12.0,500.0,100.0,3.8640718559628566,48.922309786830965,-1.4598973807254176,-3.577673957447115,161.12060308336368,480.6188324182314,24.436213206489036,200.1,50.843228684024595
233,R1,2019-07-24,4.0,0.0,50.0,3.532365157499518,355.923685598781,3.4899703451104576,0.5456286247679696,347.03788604443474,471.96993185072995,23.134328834373825,216.71,49.01653108209132
234,R1,2019-07-24,10.0,0.0,100.0,4.024069683993514,313.9859128539845,3.9921859755252584,0.5055570773464664,306.7685844341901,484.3944603753695,20.01525207841546,189.3,41.32015065346771
235,R1,2019-07-24,12.0,500.0,25.0,4.502332986475681,67.62653979619517,4.456196976451849,0.6428925479179355,59.417159103755466,483.40119968613243,15.074377655637688,141.4,31.183988921470057
236,R1,2019-07-24,12.0,500.0,50.0,4.768532822893853,34.28350254057631,3.9164684757511687,2.720327179120801,359.50017010657496,481.14534971307955,17.885894993084136,155.4,37.17357967555957
237,R1,2019-07-24,4.0,0.0,100.0,3.9117554041370948,359.54533889736547,-3.014895283009798,2.4924359117700567,219.12612628053827,480.3797777437576,28.356623473174288,284.61,59.02959447285513
238,R1,2019-07-24,4.0,500.0,50.0,5.675207766541732,328.39743937036826,5.2957917619379655,-2.0402384193043646,349.4669451414978,473.04842572961206,29.001404792856864,216.31,61.30747554677132
239,R1,2019-07-24,4.0,500.0,75.0,5.898267628827545,352.5034606362578,5.515757074493574,-2.089493937882809,13.251285209695936,480.5338632291147,31.34838778650354,250.8,65.23658411052892
240,R1,2019-07-24,6.0,500.0,75.0,5.514499252954406,333.3399006417591,5.313097131555179,-1.4767196353725467,348.8726142794171,477.6511079676825,25.699673541940637,200.8,53.804279134383286
241,R1,2019-08-05,10.0,0.0,75.0,4.747569444718668,233.5636753036063,-1.7149096775735693,-4.427019361849554,344.73871939873777,473.3312625511626,18.65435038611438,172.7,39.410771825150725
242,R1,2019-08-05,8.0,500.0,100.0,4.2867422146263605,183.0501528453601,-3.4015635677271923,2.6087399466736363,40.535608870295846,486.73858518876045,26.11122936213866,264.61,53.645283436924466
243,R1,2019-08-05,4.0,500.0,25.0,3.3444718987927753,21.966149226551693,3.3289516750980517,-0.32182763504153183,27.488079690829977,473.29156635369316,25.02388737341666,242.7,52.87203312369226
246,R1,2019-08-05,8.0,0.0,100.0,4.592386533867562,274.38046762581223,1.2907418696255881,4.407266670221302,200.70402086431073,481.8367255891952,21.971136203489877,204.4,45.59871640465623
247,R1,2019-08-05,8.0,0.0,75.0,4.2110040135472175,278.35120948618163,-2.261172442985768,-3.5524152326540523,40.828652885707015,481.27884538247196,19.630105168252665,187.6,40.78738418816774
248,R1,2019-08-05,4.0,250.0,75.0,4.090583807541489,326.7733579186696,1.4441983618334167,-3.827161739226382,36.09911158186128,476.3617745868455,27.871960738194783,238.69,58.510069919796734
249,R1,2019-08-05,8.0,0.0,50.0,4.242973704171365,341.8380761381841,0.39089243683613817,-4.224929461791519,66.55209245830588,475.1628573450441,16.490667077712015,165.4,34.705294874799435
250,R1,2019-08-05,10.0,250.0,100.0,5.34604904864941,40.69119166568021,-0.038838785848391115,-5.345907965844444,131.10744637374023,475.75417304746924,21.79075503576635,165.2,45.80255154922653
251,R1,2019-08-05,8.0,250.0,50.0,4.651062013288626,65.31370732203584,-4.625434959130417,-0.4875749073841261,239.29628460104072,474.17433715347,18.485235417351603,176.5,38.98404862717975
252,R1,2019-08-05,12.0,500.0,75.0,3.9577760523413983,56.19102792601507,-3.7633090435335603,1.2253555905718077,254.22658241495685,477.6654866416446,21.295471388595566,193.01,44.58239496916366
253,R1,2019-08-05,10.0,500.0,25.0,4.2984329112946815,58.677870094572654,0.335618183457338,4.2853104820810906,333.1560364326267,473.6852264153157,15.926861097113134,153.1,33.62330131687251
254,R1,2019-08-05,10.0,500.0,50.0,4.165185859843967,359.7923727853091,2.7886541756501075,3.0938941700829625,311.8220117282649,474.2661333329743,19.061566401373373,165.39,40.19170896183424
255,R1,2019-08-05,6.0,500.0,25.0,3.8541742383879347,277.89567092662776,-3.68018050261216,-1.1449587451286307,80.6139780877653,469.8201877934914,19.78551818990818,165.21,42.11295875307271
256,R1,2019-08-05,10.0,250.0,75.0,4.153565226637799,353.79514327165913,0.397745526116938,-4.134477305342076,78.30007756980422,474.56876760103,20.143994485199727,172.4,42.44694522783005
257,R1,2019-08-05,6.0,250.0,75.0,3.672234131583012,31.081485580591846,-2.896172411333008,-2.257761918581494,173.14266441895347,476.0927083377091,23.95284339516474,210.0,50.3113006683021
258,R1,2019-08-05,4.0,250.0,50.0,3.2755130035178444,328.53323352714574,-2.7719866869926966,-1.7450143963158997,116.34209655917095,472.4664498208696,25.94196472209065,219.3,54.90752778726671
260,R1,2019-08-05,4.0,0.0,75.0,3.0797181299650203,32.934740671976215,0.5204240658999933,3.03542790256454,312.66351105453174,467.5119569674027,26.038379171298836,244.71,55.695643251995726
261,R1,2019-08-05,6.0,250.0,50.0,3.591841492509555,29.066346076802688,2.1334688359744867,2.8895736767279248,335.5060375833764,472.7120423493681,21.220611885902535,192.9,44.89120222204743
262,R1,2019-08-05,10.0,0.0,75.0,3.8117493486552263,337.81023674741596,3.7916709060049025,0.3907234796240209,331.92679717648684,480.92569458977914,18.652997612262737,172.51,38.785612459682376
263,R1,2019-08-05,4.0,0.0,75.0,3.1540880645596006,142.6549827304226,-3.1463681214400467,0.22054288332013608,326.6645397536673,468.5477331078653,25.449742695447636,238.4,54.316222013582546
264,R1,2019-08-05,6.0,250.0,100.0,3.4395379462651294,36.5709112492338,0.6877639232370486,3.3700744902288626,318.10542775675555,468.9635708389212,24.940857172789368,227.1,53.18293087920045
267,R1,2019-09-19,8.0,500.0,25.0,5.058374639899572,118.91128984101448,-1.4241385969461644,-4.853759702979469,225.2634729470126,477.1444091280906,16.71582056499688,152.61,35.033042922042235
275,R1,2019-10-24,8.0,500.0,25.0,4.139877931086966,184.58605544645323,-1.7124247233504861,-3.7691100874289822,299.0198407806009,479.173837403441,16.300664264679984,149.4,34.0182685119255
276,R1,2019-10-24,10.0,500.0,25.0,4.392581297069546,125.94736161734454,0.3719472564687523,-4.376805420597372,211.0899541017538,475.0451746354737,15.392088308526983,147.9,32.4013149282868
277,R1,2019-10-24,10.0,500.0,25.0,5.524651158271834,175.558337568792,4.980890967826533,2.390082757399497,149.92429635379062,474.33668221686605,15.531498970746968,134.81,32.74361767291274
