-95,-95,0,0
-90,-90,0,0
-100,-20,0,0
-95,-100,0,0
-90,-95,0,0
-100,-25,0,0
-90,-100,0,0
-100,-30,0,0
-95,-35,0,0
-100,-35,0,0
-95,-40,0,0
-95,-45,0,0
-100,-40,0,0
-95,-50,0,0
-100,-45,0,0
-95,-55,0,0
-100,-50,0,0
-100,60,0,0
-95,-60,0,0
-100,-55,0,0
-95,-65,0,0
-100,-60,0,0
-95,-70,0,0
-100,-65,0,0
-95,-75,5.23598775598299,0
-95,-75,0,0
-100,40,0,0
-100,-70,0,0
-95,40,0,0
-95,-80,0,0
-100,35,0,0
-100,-75,0,0
-100,30,3.66519142918809,0
-95,-85,0,0
-95,35,0,0
-100,30,0,0
-100,-80,0,0
-95,-90,0,0
-95,30,0,0
-100,25,0,0
-20,35,0,0
-100,-85,0,0
-95,25,0,0
-100,20,0,0
-100,-90,0,0
-20,30,0,0
-95,20,0,0
-100,-95,0,0
-20,25,0,0
-100,-100,0,0
-20,20,0,0
-20,90,5.23598775598299,0
-20,-20,0,0
-20,-25,0,0
-45,40,2.0943951023932,0
-45,40,0,0
-20,-30,1.0471975511966,0
-20,-30,0,0
-45,35,0,0
-20,75,0,0
-20,-35,0,0
-45,30,0,0
-20,70,1.0471975511966,0
-20,-40,3.14159265358979,0
-45,25,0,0
-20,-40,0,0
-45,20,0,0
-20,-45,0,0
-45,-20,0,0
-20,-50,0,0
-70,40,0,0
-20,-55,4.18879020478639,0
-45,-25,0,0
-20,-55,0,0
-70,35,0,0
-45,-30,0,0
-20,55,2.0943951023932,0
-70,30,0,0
-20,55,0,0
-45,-35,0,0
-20,50,0,0
-70,20,0,0
-45,-40,4.18879020478639,0
-20,-70,5.23598775598299,0
-20,45,2.61799387799149,0
-70,-20,0,0
-45,-40,0,0
-20,45,0,0
-70,-25,0,0
-20,40,3.14159265358979,0
-45,-45,0,0
-20,40,0,0
-70,-30,0,0
-20,-80,0,0
-45,-50,0,0
-70,-35,0,0
40,20,1.5707963267949,0
-20,-85,0,0
-45,-55,0,0
-70,-40,0,0
-20,-90,0,0
40,-20,0,0
-45,-60,0,0
-70,-45,0,0
-20,-95,0,0
40,-25,0,0
-45,-65,0,0
40,-30,4.18879020478639,0
-70,-50,1.0471975511966,0
-20,-100,0,0
-70,-50,0,0
-45,-70,0,0
40,-30,0,0
-70,-55,0,0
-45,-75,0,0
-70,-60,0,0
40,-35,0,0
-70,-65,0,0
-45,-85,0,0
40,-40,0,0
-70,-70,0,0
-45,-90,0,0
-45,-95,0,0
40,-45,0,0
-70,-75,0,0
-45,-100,0,0
40,-50,0,0
-70,-80,0,0
40,-55,0,0
-70,-85,0,0
40,-60,0,0
-50,85,5.23598775598299,0
-70,-90,0,0
40,-65,0,0
-70,-95,0,0
-25,55,2.0943951023932,0
40,-70,0,0
-70,-100,0,0
40,-80,0,0
-25,50,2.0943951023932,0
-25,50,0,0
40,-85,0,0
40,-90,0,0
-25,45,0,0
40,-95,0,0
-25,40,2.61799387799149,0
40,-100,0,0
-25,40,0,0
35,20,0,0
-25,35,0,0
35,-20,0,0
-50,45,0.523598775598299,0
-25,30,0,0
35,-25,0,0
35,-30,4.18879020478639,0
-50,40,0,0
-25,25,0,0
35,-30,0,0
-25,20,0,0
-50,30,0,0
35,-35,0,0
-25,-20,0,0
-50,25,0,0
35,-40,0,0
-25,-25,0,0
-50,20,0,0
-75,35,0,0
-25,-30,0,0
35,-45,0,0
-50,-20,0,0
-75,30,0,0
-25,-35,0,0
-50,-25,0,0
-75,25,0,0
-50,-30,0,0
-25,-40,3.66519142918809,0
-75,20,0,0
-25,-40,0,0
-75,-20,0,0
-50,-35,0,0
35,-60,0,0
-25,-45,0,0
-75,-25,0,0
35,-65,0,0
-50,-40,0,0
-25,-50,4.18879020478639,0
-75,-30,0,0
-25,-50,0,0
35,-70,0,0
-50,-45,0,0
-75,-35,0,0
35,-75,0,0
-50,-50,0,0
35,-80,0,0
-75,-40,0,0
35,-85,0,0
-50,-55,0,0
-75,-45,0,0
35,-90,0,0
-25,-65,4.71238898038469,0
35,-95,0,0
-50,-60,0,0
-75,-50,0,0
35,-100,0,0
-75,-55,0,0
-50,-65,0,0
30,20,0,0
-75,-60,0,0
-25,-75,0,0
-50,-70,0,0
-75,-65,0,0
60,-20,3.66519142918809,0
-25,-80,0,0
-50,-75,0,0
60,-20,0,0
-75,-70,0,0
60,-25,0,0
-50,-80,0,0
-75,-75,0,0
-25,-90,0,0
60,-30,0,0
-50,-85,1.0471975511966,0
-25,-95,0,0
-50,-85,0,0
60,-35,0,0
-75,-80,0,0
-25,-100,0,0
60,-40,0,0
-50,-90,0,0
-75,-85,0,0
60,-45,0,0
-50,-95,0,0
-75,-90,0,0
60,-50,0,0
-75,-95,0,0
60,-55,0,0
60,-60,0,0
-75,-100,0,0
60,-65,0,0
60,-70,0,0
60,-75,0,0
60,-80,0,0
60,-85,0,0
60,-90,0,0
60,-95,0,0
-30,60,1.5707963267949,0
60,-100,0,0
55,20,2.61799387799149,0
55,20,2.0943951023932,0
-30,50,0,0
55,-20,4.18879020478639,0
-30,45,0,0
-55,40,0,0
55,-20,0,0
-30,40,0,0
55,-25,2.0943951023932,0
-55,35,0,0
55,-25,0,0
-30,35,0,0
-80,40,0,0
-55,30,0,0
55,-30,0,0
-55,25,0,0
-30,30,0,0
55,-35,0,0
-30,25,0,0
-80,30,0,0
-55,20,0,0
55,-40,0,0
-80,25,0,0
55,-45,0,0
-30,20,0,0
-55,-20,0,0
-80,20,0,0
-55,-25,0,0
65,-20,0,0
-30,-20,0,0
-80,-20,0,0
65,-25,0,0
-55,-30,0,0
-30,-25,0,0
65,-30,0,0
-80,-25,0,0
-55,-35,0,0
65,-35,0,0
-80,-30,0,0
-30,-30,0,0
65,-40,0,0
-55,-40,0,0
65,-45,0,0
-30,-35,0,0
-80,-35,0,0
-55,-45,0,0
65,-50,0,0
-30,-40,0,0
-80,-40,0,0
65,-55,0,0
-55,-50,0,0
-30,-45,3.66519142918809,0
-80,-45,0,0
65,-60,0,0
-55,-55,0,0
-30,-45,0,0
65,-65,0,0
-80,-50,0,0
-55,-60,0,0
65,-70,0,0
-30,-50,0,0
-55,-65,0,0
65,-75,0,0
-80,-60,0,0
65,-80,0,0
-55,-70,0,0
-80,-65,0,0
-30,-60,4.71238898038469,0
65,-85,0,0
-55,-75,0,0
-80,-70,0,0
65,-90,0,0
-55,-80,0,0
65,-95,0,0
-80,-75,0,0
-55,-85,0,0
65,-100,0,0
-80,-80,0,0
-55,-90,0,0
-30,-75,0,0
60,20,2.0943951023932,0
-80,-85,0,0
-55,-95,0,0
70,20,2.61799387799149,0
70,-20,3.66519142918809,0
-80,-90,0,0
-30,-85,1.0471975511966,0
70,-20,0,0
-55,-100,0,0
-30,-85,0,0
70,-25,3.66519142918809,0
-80,-95,0,0
-30,-90,0,0
70,-25,0,0
70,-30,0,0
-80,-100,0,0
-30,-95,0,0
70,-35,0,0
-30,-100,0,0
70,-40,0,0
70,-45,0,0
-35,95,5.75958653158129,0
70,-50,0,0
70,-55,0,0
70,-60,0,0
70,-65,0,0
70,-70,0,0
70,-75,0,0
70,-80,0,0
70,-85,0,0
70,-90,2.0943951023932,0
70,-90,0,0
-60,40,0,0
70,-95,0,0
-60,35,0,0
70,-100,0,0
-85,40,0,0
80,-75,0,0
-60,30,0,0
-85,35,0,0
80,-80,0,0
-35,45,5.23598775598299,0
-60,25,0,0
-85,30,0,0
80,-85,2.61799387799149,0
-35,45,0,0
80,-85,0,0
-60,20,0,0
-85,25,0,0
80,-90,0,0
-60,-20,0,0
-85,20,0,0
80,-95,0,0
-35,35,0,0
-60,-25,0,0
-60,-30,4.71238898038469,0
80,-100,0,0
-85,-20,0,0
-35,30,0,0
-60,-30,0,0
-85,-25,0,0
-35,25,0,0
75,-20,0,0
-85,-30,0,0
75,-25,0,0
-35,20,0,0
75,-30,0,0
-60,-40,0,0
-85,-35,0,0
-35,-20,0,0
75,-35,0,0
-60,-45,0,0
75,-40,0,0
-35,-25,0,0
75,-45,0,0
-60,-50,0,0
-85,-45,0,0
75,-50,0,0
-35,-30,0,0
-60,-55,0,0
75,-55,0,0
-85,-50,0,0
-35,-35,0,0
75,-60,0,0
-60,-60,0,0
-85,-55,0,0
75,-65,0,0
-60,-65,0,0
-35,-40,0,0
75,-70,0,0
-85,-60,0,0
-60,-70,0,0
75,-75,0,0
-35,-45,0,0
-85,-65,0,0
75,-80,0,0
-60,-75,0,0
-85,-70,0,0
75,-85,0,0
-60,-80,0,0
-85,-75,0,0
75,-90,2.0943951023932,0
75,-90,0,0
-60,-85,0.523598775598299,0
-60,-85,0,0
75,-95,2.0943951023932,0
-85,-80,0,0
75,-95,0,0
-60,-90,0,0
-35,-60,0,0
75,-100,0,0
-60,-95,0,0
-85,-85,0,0
-35,-65,0,0
-60,-100,0,0
-85,-90,0,0
80,-20,3.66519142918809,0
-35,-70,0,0
80,-20,0,0
-85,-95,0.523598775598299,0
-85,-95,0,0
-35,-75,0,0
80,-25,0,0
-85,-100,0,0
80,-30,0,0
-35,-80,0,0
80,-35,0,0
-35,-85,0,0
-35,-90,0,0
80,-40,0,0
80,-45,2.0943951023932,0
80,-45,0,0
-35,-95,0.523598775598299,0
-35,-95,0,0
80,-50,0,0
-35,-100,0,0
80,-55,0,0
80,-60,0,0
80,-65,0,0
80,-70,0,0
85,-30,0,0
85,-35,0,0
-65,40,0,0
85,-40,0,0
-65,35,0,0
85,-45,0,0
-40,65,1.0471975511966,0
85,-50,0,0
-90,40,0,0
-65,30,0,0
85,-55,0,0
-65,25,0,0
-90,35,0,0
85,-60,0,0
-40,55,5.23598775598299,0
-65,20,0,0
85,-65,0,0
-90,30,0,0
-40,55,1.5707963267949,0
-65,-20,0,0
85,-70,2.0943951023932,0
85,-70,0,0
-90,25,0,0
-65,-25,0,0
85,-75,0,0
-90,20,0,0
85,-80,0,0
-65,-30,0,0
85,-85,0,0
-90,-20,0,0
85,-90,2.0943951023932,0
85,-90,0,0
-90,-25,0,0
-40,40,0,0
85,-95,0,0
-65,-40,0,0
-90,-30,0,0
-40,35,0,0
85,-100,0,0
-65,-45,0,0
-40,30,0,0
85,-20,3.66519142918809,0
-65,-50,0,0
85,-20,0,0
-40,25,0,0
85,-25,0,0
-65,-55,0,0
-90,-45,0,0
-40,20,0,0
90,-20,0,0
-65,-65,4.71238898038469,0
-90,-50,0,0
-40,-20,0,0
-65,-65,0,0
90,-30,0,0
-90,-55,0,0
90,-35,0,0
-65,-70,1.0471975511966,0
-65,-70,0,0
-90,-60,0,0
90,-40,0,0
-40,-30,0,0
-90,-65,0,0
-65,-75,0,0
90,-45,0,0
90,-50,0,0
-90,-70,0,0
-65,-80,0,0
-40,-40,0,0
90,-55,0,0
-90,-75,0,0
-65,-85,0,0
90,-60,0,0
-40,-45,0,0
-65,-90,0,0
90,-65,0,0
-90,-80,0,0
90,-70,0,0
-40,-50,0,0
-90,-85,0,0
-65,-95,0,0
-40,-55,4.71238898038469,0
90,-75,0,0
-65,-100,0,0
55,-50,0,0
-40,-55,0,0
90,-80,0,0
55,-55,0,0
90,-85,0,0
-40,-60,0,0
55,-60,0,0
90,-90,0,0
55,-65,0,0
-40,-65,0,0
90,-95,0,0
55,-70,0,0
30,-20,0,0
30,-25,5.75958653158129,0
-40,-70,0,0
90,-100,0,0
95,-85,0,0
55,-75,0,0
-40,-75,0,0
95,-90,0,0
30,-25,0,0
55,-80,0,0
30,-30,5.75958653158129,0
95,-95,0,0
-40,-80,0,0
55,-85,0,0
95,-100,0,0
30,-30,0,0
30,-35,5.75958653158129,0
55,-90,0,0
-40,-85,0,0
55,-95,0,0
30,-35,0,0
-40,-90,0,0
30,-40,5.75958653158129,0
55,-100,0,0
-40,-95,0,0
100,-20,0,0
30,-40,0,0
-40,-100,0,0
30,-45,5.75958653158129,0
100,-25,0,0
50,20,2.0943951023932,0
30,-45,0,0
100,-30,0,0
50,-20,4.18879020478639,0
30,-50,5.75958653158129,0
100,-35,0,0
30,-55,5.75958653158129,0
50,-20,0,0
100,-40,0,0
100,-45,0,0
30,-60,5.75958653158129,0
50,-25,0,0
50,-30,4.18879020478639,0
100,-50,2.0943951023932,0
50,-30,3.66519142918809,0
100,-50,0,0
50,-30,0,0
100,-55,0,0
100,-60,2.0943951023932,0
100,-60,0,0
50,-35,0,0
30,-75,0,0
100,-65,2.0943951023932,0
50,-40,0,0
100,-65,0,0
30,-80,0,0
100,-70,0,0
50,-45,0,0
30,-85,0,0
100,-75,2.0943951023932,0
50,-50,0,0
30,-90,0,0
100,-75,0,0
50,-55,0,0
30,-95,0,0
50,-60,0,0
30,-100,0,0
50,-65,0,0
25,20,0,0
50,-70,0,0
50,-75,0,0
25,-20,0,0
50,-80,0,0
25,-25,0,0
50,-85,0,0
50,-90,0,0
25,-30,0,0
50,-95,0,0
25,-35,0,0
50,-100,0,0
25,-40,5.23598775598299,0
25,-40,0,0
45,20,2.0943951023932,0
25,-45,5.23598775598299,0
45,-20,4.18879020478639,0
25,-45,0,0
45,-20,0,0
25,-50,5.23598775598299,0
45,-25,4.18879020478639,0
45,-25,3.66519142918809,0
25,-50,0,0
45,-25,0,0
45,-30,4.18879020478639,0
45,-30,0,0
25,-60,5.75958653158129,0
45,-35,0,0
45,-40,0,0
45,-45,0,0
25,-75,0,0
45,-50,0,0
25,-80,0,0
45,-55,0,0
25,-85,0,0
45,-60,0,0
25,-90,0,0
45,-65,0,0
25,-95,0,0
45,-70,0,0
25,-100,0,0
45,-75,0,0
45,-80,0,0
45,-85,0,0
20,85,4.18879020478639,0
45,-90,0,0
45,-95,0,0
45,-100,0,0
20,75,0,0
95,-20,0,0
95,-30,0,0
95,-35,0,0
20,65,0.523598775598299,0
95,-40,0,0
95,-45,0,0
95,-50,0,0
20,55,1.0471975511966,0
20,55,0,0
95,-55,0,0
95,-60,2.0943951023932,0
95,-60,0,0
20,50,1.0471975511966,0
95,-65,0,0
20,50,0,0
20,45,1.5707963267949,0
95,-70,0,0
20,45,1.0471975511966,0
95,-75,0,0
20,45,0,0
20,40,3.14159265358979,0
95,-80,0,0
20,40,0,0
20,35,1.5707963267949,0
20,35,0,0
20,30,1.5707963267949,0
20,30,0,0
20,25,1.5707963267949,0
20,25,0,0
-95,-95,0,0
-90,-90,0,0
-100,-30,0,0
-95,-35,0,0
-90,-90,0,0
-100,-30,0,0
-95,-35,0,0
-95,-95,0,0
-90,-95,0,0
-95,-40,0,0
-95,-100,0,0
-90,-100,0,0
-95,-45,0,0
-100,-35,0,0
-100,-40,0,0
-95,-50,0,0
-90,-90,0,0
-100,-30,0,0
-95,-35,0,0
-95,-95,0,0
-90,-95,0,0
-95,-40,0,0
-95,-100,0,0
-90,-100,0,0
-90,-90,0,0
-100,-30,0,0
-95,-100,0,0
-90,-95,0,0
-100,-35,0,0
-90,-100,0,0
-95,-35,0,0
-100,95,2.61799387799149,0
-95,-40,0,0
-100,-40,0,0
-90,-90,0,0
-100,-30,0,0
-95,-35,0,0
-95,-95,0,0
-90,-95,0,0
-95,-40,0,0
-95,-100,0,0
-90,-100,0,0
-90,-90,0,0
-100,-30,0,0
-95,-100,0,0
-90,-95,0,0
-100,-35,0,0
-90,-100,0,0
-95,-35,0,0
-100,95,2.61799387799149,0
-100,-40,0,0
-95,-40,0,0
-95,-45,0,0
-100,-45,0,0
-95,-50,0,0
-100,-65,0,0
-95,-55,0,0
-95,-60,0,0
-95,-65,0,0
-100,-70,0,0
-95,85,2.61799387799149,0
-100,40,0,0
-95,40,0,0
-100,35,0,0
-95,35,0,0
-95,30,0,0
-100,30,0,0
-100,-85,0,0
-45,55,1.0471975511966,0
-100,-90,0,0
-45,55,0.523598775598299,0
-100,-95,0,0
-45,50,1.5707963267949,0
-95,-75,5.23598775598299,0
-45,50,1.0471975511966,0
-95,-75,0,0
-45,50,0.523598775598299,0
30,-30,5.75958653158129,0
-45,45,1.5707963267949,0
-70,40,0,0
-45,45,1.0471975511966,0
-70,35,0,0
-95,-90,0,0
-70,30,0,0
-45,40,1.5707963267949,0
-70,-35,0,0
-70,-40,0,0
-45,40,0,0
-70,-45,0,0
-30,70,0.523598775598299,0
-70,-55,0,0
-30,65,1.0471975511966,0
30,-30,3.66519142918809,0
-45,35,2.0943951023932,0
30,-30,0,0
-30,65,0,0
-45,35,1.5707963267949,0
30,-35,5.75958653158129,0
-30,60,1.0471975511966,0
-45,35,0,0
-70,-60,0,0
-30,60,0,0
-45,30,2.0943951023932,0
-45,30,0,0
-45,-30,4.18879020478639,0
-45,-30,0,0
-70,-65,3.66519142918809,0
-45,-35,4.18879020478639,0
30,-35,3.14159265358979,0
-70,-65,0,0
-45,-35,0,0
-45,-40,4.71238898038469,0
30,-35,0,0
-70,-70,0,0
-45,-40,0,0
30,-40,5.75958653158129,0
30,-40,0,0
-70,-75,0,0
-45,-45,5.75958653158129,0
-30,55,1.5707963267949,0
-45,-45,5.23598775598299,0
-70,-85,0,0
-30,55,0,0
-70,-90,0,0
-45,-45,4.71238898038469,0
-30,50,0,0
-45,-45,0,0
-45,-50,5.75958653158129,0
-30,45,2.0943951023932,0
30,-45,5.75958653158129,0
-30,45,0,0
-45,-50,5.23598775598299,0
-45,-50,4.71238898038469,0
-75,35,0,0
-45,-50,0,0
-75,30,0,0
-75,-30,0,0
-45,-55,5.75958653158129,0
30,-45,0,0
-45,-55,5.23598775598299,0
-30,40,2.0943951023932,0
-75,-35,0,0
-75,-40,0,0
30,-50,5.75958653158129,0
-30,35,2.61799387799149,0
-75,-60,0,0
30,-55,1.0471975511966,0
-75,-65,0,0
-45,-75,0,0
-30,35,0,0
-45,-85,0,0
30,-55,0.523598775598299,0
-45,-90,0,0
-30,30,2.61799387799149,0
-45,-95,0,0
-30,30,0,0
30,-60,0.523598775598299,0
-75,-70,0,0
-75,-75,0,0
-75,-85,0,0
-30,-30,3.66519142918809,0
-30,-30,0,0
30,-65,1.0471975511966,0
-75,-100,0,0
30,-65,0.523598775598299,0
-50,50,1.0471975511966,0
-50,45,1.5707963267949,0
-30,-35,3.66519142918809,0
-30,-35,0,0
-50,40,1.5707963267949,0
-50,40,1.0471975511966,0
-50,40,0,0
-80,40,0,0
-30,-40,4.18879020478639,0
-30,-40,0,0
-50,35,1.5707963267949,0
-50,30,2.0943951023932,0
-30,-45,4.18879020478639,0
30,-70,0.523598775598299,0
-80,30,0,0
30,-75,0,0
-30,-45,0,0
-80,-30,0,0
30,-80,0,0
30,-85,0,0
30,-90,0,0
-80,-35,0,0
-50,30,0,0
-80,-40,0,0
-50,-30,4.18879020478639,0
-50,-30,0,0
-50,-35,4.71238898038469,0
30,-95,0,0
-80,-60,0,0
-50,-35,0,0
30,-100,0,0
-50,-40,5.23598775598299,0
-30,-55,4.71238898038469,0
-50,-40,4.71238898038469,0
-50,-40,0,0
-50,-45,4.71238898038469,0
-80,-75,0,0
-50,-50,5.23598775598299,0
-50,-50,0,0
-80,-85,0,0
-30,-55,0,0
-50,-55,0,0
40,30,3.14159265358979,0
-80,-90,3.66519142918809,0
-80,-95,0,0
-80,-100,0,0
-50,-60,0,0
-50,-65,0,0
40,30,2.61799387799149,0
-30,-65,5.75958653158129,0
-85,40,0,0
-85,35,0,0
-30,-65,5.23598775598299,0
-50,-70,0,0
-85,30,0,0
-85,-30,0,0
-50,-75,0,0
-30,-65,0,0
-85,-35,0,0
-50,-85,0,0
-85,-45,0,0
-50,-90,0,0
-30,-70,5.75958653158129,0
-50,-95,0,0
40,-30,3.66519142918809,0
-30,-75,0,0
-85,-50,0,0
-85,-55,0,0
-85,-60,0,0
-55,40,1.0471975511966,0
-55,40,0,0
-85,-70,0,0
-85,-75,0,0
-90,-90,0,0
-95,-100,0,0
-100,-30,0,0
-95,-35,0,0
-90,-95,0,0
-100,-35,0,0
-95,-40,0,0
-90,-100,0,0
-100,95,2.61799387799149,0
-95,-45,0,0
-100,-40,0,0
-100,40,0,0
-95,-50,0,0
-100,35,0,0
-100,-45,0,0
-100,30,0,0
-95,-55,0,0
-100,-65,0,0
-95,-60,0,0
-95,85,2.61799387799149,0
-45,55,1.0471975511966,0
-95,-65,0,0
-95,40,0,0
-100,-70,0,0
-45,55,0.523598775598299,0
-95,35,0,0
-100,-85,0,0
-95,30,0,0
-100,-90,0,0
-100,-95,0,0
-45,50,1.5707963267949,0
-70,40,0,0
-70,35,0,0
-70,30,0,0
-70,-35,0,0
-70,-40,0,0
-45,50,1.0471975511966,0
-45,50,0.523598775598299,0
-70,-45,0,0
-70,-55,0,0
-45,45,1.5707963267949,0
-45,45,1.0471975511966,0
-45,40,1.5707963267949,0
30,-30,5.75958653158129,0
-45,40,0,0
-95,-75,5.23598775598299,0
-95,-75,0,0
-70,-60,0,0
-95,-90,0,0
-45,35,2.0943951023932,0
-30,70,0.523598775598299,0
-45,35,1.5707963267949,0
-30,65,1.0471975511966,0
-30,65,0,0
-70,-65,3.66519142918809,0
-70,-65,0,0
-45,35,0,0
-70,-70,0,0
30,-30,3.66519142918809,0
-30,60,1.0471975511966,0
30,-30,0,0
-45,30,2.0943951023932,0
-70,-75,0,0
-30,60,0,0
30,-35,5.75958653158129,0
-70,-85,0,0
-45,30,0,0
-70,-90,0,0
-45,-30,4.18879020478639,0
-75,35,0,0
-45,-30,0,0
-75,30,0,0
-75,-30,0,0
-45,-35,4.18879020478639,0
-45,-35,0,0
-75,-35,0,0
-100,95,2.61799387799149,0
-95,85,2.61799387799149,0
-45,55,1.0471975511966,0
-45,55,0.523598775598299,0
-100,95,2.61799387799149,0
-95,85,2.61799387799149,0
-45,55,1.0471975511966,0
-45,55,0.523598775598299,0
-70,-55,0,0
-45,50,1.5707963267949,0
-45,50,1.0471975511966,0
-45,50,0.523598775598299,0
-45,45,1.5707963267949,0
-70,-65,3.66519142918809,0
40,30,3.14159265358979,0
-70,-70,0,0
-45,45,1.0471975511966,0
-95,-75,5.23598775598299,0
-45,40,1.5707963267949,0
-30,70,0.523598775598299,0
-45,35,2.0943951023932,0
-30,65,1.0471975511966,0
-30,65,0,0
-45,35,1.5707963267949,0
40,30,2.61799387799149,0
-45,30,2.0943951023932,0
-30,60,1.0471975511966,0
-45,-30,4.18879020478639,0
-45,-35,4.18879020478639,0
-80,-90,3.66519142918809,0
-45,-40,4.71238898038469,0
40,-30,3.66519142918809,0
-45,-45,5.75958653158129,0
-85,-70,0,0
-45,-45,5.23598775598299,0
-45,-45,4.71238898038469,0
-85,-85,0,0
-30,55,1.5707963267949,0
-30,55,0,0
40,-30,2.61799387799149,0
40,-30,1.5707963267949,0
-45,-50,5.75958653158129,0
40,-30,1.0471975511966,0
-45,-50,5.23598775598299,0
-45,-50,4.71238898038469,0
-30,45,2.0943951023932,0
-45,-55,5.75958653158129,0
-45,-55,5.23598775598299,0
-90,80,2.61799387799149,0
-90,35,3.14159265358979,0
-30,40,2.0943951023932,0
-50,50,1.0471975511966,0
-30,35,2.61799387799149,0
40,-35,3.66519142918809,0
-50,45,1.5707963267949,0
-50,40,1.5707963267949,0
-50,40,1.0471975511966,0
40,-35,3.14159265358979,0
-50,35,1.5707963267949,0
-50,30,2.0943951023932,0
-30,30,2.61799387799149,0
-50,-30,4.18879020478639,0
-90,-80,3.66519142918809,0
-50,-35,4.71238898038469,0
-30,-30,3.66519142918809,0
-50,-40,5.23598775598299,0
-30,-35,3.66519142918809,0
-50,-40,4.71238898038469,0
-50,-45,4.71238898038469,0
-50,-50,5.23598775598299,0
40,-35,0.523598775598299,0
-30,-40,4.18879020478639,0
40,-35,0,0
-30,-45,4.18879020478639,0
40,-40,1.5707963267949,0
30,-30,5.75958653158129,0
40,-40,1.0471975511966,0
40,-40,0.523598775598299,0
-50,-70,0,0
40,-40,0,0
-50,-85,0,0
-30,-55,4.71238898038469,0
-55,40,1.0471975511966,0
40,-45,1.5707963267949,0
-55,35,1.5707963267949,0
30,-30,3.66519142918809,0
-55,30,1.5707963267949,0
40,-45,1.0471975511966,0
30,-35,5.75958653158129,0
-55,-30,4.71238898038469,0
-55,-35,4.71238898038469,0
-55,-40,5.23598775598299,0
-30,-55,0,0
40,-45,0.523598775598299,0
30,-35,3.14159265358979,0
30,-40,5.75958653158129,0
-55,-80,0,0
40,-50,1.5707963267949,0
-30,-65,5.75958653158129,0
-30,-65,5.23598775598299,0
-30,-65,0,0
30,-45,5.75958653158129,0
-30,-70,5.75958653158129,0
30,-50,5.75958653158129,0
30,-55,1.0471975511966,0
40,-55,1.0471975511966,0
40,-55,0.523598775598299,0
30,-55,0.523598775598299,0
40,-60,0.523598775598299,0
30,-60,0.523598775598299,0
-60,-60,0,0
-30,-85,1.0471975511966,0
30,-65,1.0471975511966,0
-60,-80,0,0
30,-65,0.523598775598299,0
-30,-95,0,0
-30,-100,0,0
35,30,3.66519142918809,0
30,-70,0.523598775598299,0
-35,95,5.75958653158129,0
30,-95,0,0
-35,65,1.0471975511966,0
35,30,3.14159265358979,0
-35,65,0.523598775598299,0
-35,60,1.0471975511966,0
65,30,5.75958653158129,0
-35,60,0.523598775598299,0
-35,55,1.5707963267949,0
-35,55,1.0471975511966,0
35,30,2.61799387799149,0
-65,-70,0,0
-35,55,0,0
65,30,3.14159265358979,0
65,30,2.61799387799149,0
-35,50,1.5707963267949,0
65,-30,3.66519142918809,0
80,-85,2.61799387799149,0
-35,50,1.0471975511966,0
-35,45,2.0943951023932,0
80,-90,0,0
65,-30,3.14159265358979,0
-35,35,2.0943951023932,0
-35,30,2.61799387799149,0
80,-100,5.23598775598299,0
-35,30,2.0943951023932,0
65,-35,2.61799387799149,0
35,-35,3.14159265358979,0
65,-50,5.75958653158129,0
35,-45,2.61799387799149,0
35,-45,1.5707963267949,0
-35,-30,4.18879020478639,0
65,-50,3.14159265358979,0
-35,-30,3.66519142918809,0
35,-45,1.0471975511966,0
65,-55,0,0
75,30,4.18879020478639,0
35,-45,0,0
65,-80,0,0
-35,-40,4.18879020478639,0
-35,-45,4.18879020478639,0
75,30,0.523598775598299,0
65,-85,0,0
-35,-50,5.23598775598299,0
35,-50,1.5707963267949,0
-35,-50,4.71238898038469,0
-35,-55,5.23598775598299,0
-35,-55,4.71238898038469,0
-35,-55,0,0
35,-50,1.0471975511966,0
65,-90,0,0
-35,-60,5.75958653158129,0
75,-30,3.66519142918809,0
-35,-60,5.23598775598299,0
35,-50,0.523598775598299,0
-35,-60,0,0
-35,-65,5.75958653158129,0
-35,-65,5.23598775598299,0
75,-35,0,0
65,-100,0,0
-35,-65,0,0
-35,-70,0,0
35,-55,1.0471975511966,0
60,30,3.66519142918809,0
60,30,3.14159265358979,0
-35,-80,0,0
75,-75,0,0
35,-55,0.523598775598299,0
-40,65,2.61799387799149,0
75,-85,0,0
70,30,4.71238898038469,0
35,-55,0,0
-40,60,0.523598775598299,0
-40,55,2.61799387799149,0
35,-60,1.0471975511966,0
-40,50,1.5707963267949,0
-40,50,1.0471975511966,0
70,-30,3.14159265358979,0
-40,50,0.523598775598299,0
70,-35,5.75958653158129,0
35,-65,1.0471975511966,0
70,-50,5.75958653158129,0
35,-65,0.523598775598299,0
-40,45,1.5707963267949,0
-40,40,2.0943951023932,0
80,-40,5.75958653158129,0
35,-95,0,0
-40,35,2.0943951023932,0
30,100,4.18879020478639,0
-40,30,2.0943951023932,0
-40,-30,4.18879020478639,0
80,-55,2.61799387799149,0
70,-90,2.0943951023932,0
-40,-35,4.18879020478639,0
-40,-40,4.18879020478639,0
80,-65,2.61799387799149,0
70,-90,0,0
80,-70,0,0
-40,-45,4.71238898038469,0
70,-95,0,0
80,-75,5.75958653158129,0
-40,-50,5.75958653158129,0
30,85,5.75958653158129,0
-40,-50,4.71238898038469,0
85,30,5.23598775598299,0
70,-100,5.23598775598299,0
85,-30,0,0
-40,-55,5.75958653158129,0
-40,-55,0,0
-40,-60,5.75958653158129,0
-40,-60,5.23598775598299,0
30,80,1.5707963267949,0
85,-50,5.75958653158129,0
85,30,4.18879020478639,0
-40,-80,0,0
30,70,5.75958653158129,0
85,30,2.61799387799149,0
85,-55,2.61799387799149,0
-40,-90,0,0
85,30,0,0
30,70,0.523598775598299,0
90,-30,3.14159265358979,0
60,-30,3.66519142918809,0
90,-30,0,0
30,65,5.75958653158129,0
30,65,4.18879020478639,0
85,-95,0,0
60,-30,3.14159265358979,0
85,-100,0,0
30,60,5.75958653158129,0
60,-30,2.61799387799149,0
95,-90,5.75958653158129,0
90,-55,0,0
95,-95,0,0
90,-65,5.75958653158129,0
60,-35,3.66519142918809,0
30,55,5.75958653158129,0
90,30,3.14159265358979,0
90,-100,0,0
60,-55,0,0
30,55,5.23598775598299,0
95,-30,3.66519142918809,0
60,-70,5.23598775598299,0
90,30,2.61799387799149,0
30,50,5.75958653158129,0
100,-30,3.66519142918809,0
100,-30,0,0
95,-30,3.14159265358979,0
30,50,5.23598775598299,0
60,-100,0,0
95,-35,0,0
100,-35,0,0
30,50,0.523598775598299,0
100,-40,0,0
95,-40,0,0
30,45,4.71238898038469,0
100,-45,0,0
55,30,4.71238898038469,0
55,30,4.18879020478639,0
100,-50,2.0943951023932,0
30,45,0.523598775598299,0
30,40,4.18879020478639,0
100,-55,3.66519142918809,0
30,40,0.523598775598299,0
30,35,5.23598775598299,0
55,30,2.61799387799149,0
100,-60,5.75958653158129,0
55,-30,3.66519142918809,0
30,35,3.14159265358979,0
100,-60,3.14159265358979,0
100,30,3.14159265358979,0
55,-30,1.5707963267949,0
30,35,0.523598775598299,0
100,-65,5.75958653158129,0
55,-35,3.66519142918809,0
100,-70,0,0
30,30,3.66519142918809,0
100,-75,5.75958653158129,0
30,30,3.14159265358979,0
55,-35,1.5707963267949,0
55,-40,3.66519142918809,0
30,30,2.61799387799149,0
55,-40,1.0471975511966,0
30,30,0.523598775598299,0
100,-80,2.0943951023932,0
100,-80,1.0471975511966,0
55,-100,0,0
100,-85,4.18879020478639,0
50,30,5.23598775598299,0
50,30,4.71238898038469,0
100,-85,2.0943951023932,0
50,30,4.18879020478639,0
100,-85,0.523598775598299,0
50,30,3.14159265358979,0
100,-90,5.75958653158129,0
100,-90,3.66519142918809,0
50,30,2.61799387799149,0
100,-90,3.14159265358979,0
100,-90,1.0471975511966,0
100,-90,0.523598775598299,0
50,-30,3.66519142918809,0
100,-95,3.66519142918809,0
50,-30,2.0943951023932,0
50,-30,1.5707963267949,0
50,-30,1.0471975511966,0
100,-95,1.5707963267949,0
100,-95,1.0471975511966,0
100,-95,0.523598775598299,0
50,-35,3.66519142918809,0
100,-100,5.75958653158129,0
50,-35,3.14159265358979,0
100,-100,5.23598775598299,0
100,-100,4.18879020478639,0
50,-35,1.0471975511966,0
100,-100,3.14159265358979,0
50,-40,1.5707963267949,0
50,-45,1.5707963267949,0
50,-45,1.0471975511966,0
50,-50,1.0471975511966,0
100,-100,2.61799387799149,0
50,-50,0,0
100,-100,1.0471975511966,0
50,-60,0,0
100,-100,0.523598775598299,0
100,-100,0,0
45,30,4.18879020478639,0
45,30,3.66519142918809,0
95,30,5.23598775598299,0
45,30,3.14159265358979,0
95,30,3.14159265358979,0
95,30,2.61799387799149,0
45,30,2.61799387799149,0
45,-30,2.61799387799149,0
45,-30,2.0943951023932,0
45,-30,1.0471975511966,0
45,-30,0.523598775598299,0
45,-35,3.66519142918809,0
45,-35,0.523598775598299,0
45,-40,1.5707963267949,0
45,-40,0.523598775598299,0
45,-45,1.5707963267949,0
45,-45,1.0471975511966,0
45,-45,0.523598775598299,0
45,-50,1.0471975511966,0
45,-55,1.0471975511966,0
45,-55,0.523598775598299,0
-45,55,1.0471975511966,0
40,30,3.14159265358979,0
-30,70,0.523598775598299,0
-30,-35,3.66519142918809,0
-60,-80,0,0
30,-30,5.75958653158129,0
-35,65,1.0471975511966,0
30,-40,5.75958653158129,0
30,-50,5.75958653158129,0
30,50,5.75958653158129,0
30,50,0.523598775598299,0
-20,30,3.14159265358979,0
5,5,3.66519142918809,0
-20,30,2.61799387799149,0
-20,25,3.66519142918809,0
-20,25,3.14159265358979,0
5,5,3.14159265358979,0
5,5,2.61799387799149,0
-20,25,2.61799387799149,0
30,30,3.66519142918809,0
5,5,2.0943951023932,0
5,5,1.5707963267949,0
5,5,1.0471975511966,0
-20,25,0,0
-20,20,4.18879020478639,0
-20,20,3.66519142918809,0
5,0,5.23598775598299,0
-20,20,3.14159265358979,0
30,30,3.14159265358979,0
-20,20,2.61799387799149,0
-20,15,4.18879020478639,0
-20,15,3.66519142918809,0
-20,15,3.14159265358979,0
30,30,2.61799387799149,0
-20,15,2.61799387799149,0
5,0,4.71238898038469,0
-20,10,4.18879020478639,0
30,30,0.523598775598299,0
-20,10,3.66519142918809,0
5,0,4.18879020478639,0
-20,10,3.14159265358979,0
-20,10,2.61799387799149,0
5,0,3.66519142918809,0
-20,5,4.18879020478639,0
-20,5,3.66519142918809,0
5,0,3.14159265358979,0
30,25,3.14159265358979,0
5,0,2.61799387799149,0
-20,5,3.14159265358979,0
-20,5,2.61799387799149,0
-20,0,4.18879020478639,0
5,0,2.0943951023932,0
-20,0,3.66519142918809,0
-20,0,3.14159265358979,0
30,25,2.61799387799149,0
-20,0,2.61799387799149,0
-20,0,2.0943951023932,0
30,25,0.523598775598299,0
-20,-5,3.66519142918809,0
5,0,1.5707963267949,0
5,0,1.0471975511966,0
5,0,0.523598775598299,0
5,-5,5.23598775598299,0
5,-5,4.71238898038469,0
30,20,3.14159265358979,0
-20,-5,3.14159265358979,0
5,-5,4.18879020478639,0
-20,-5,2.61799387799149,0
-20,-5,2.0943951023932,0
-20,-10,3.66519142918809,0
30,20,2.61799387799149,0
5,-5,3.66519142918809,0
5,-5,3.14159265358979,0
5,-5,2.61799387799149,0
30,15,5.75958653158129,0
5,-5,2.0943951023932,0
-20,-10,3.14159265358979,0
-20,-10,2.61799387799149,0
-20,-10,2.0943951023932,0
-20,-15,3.66519142918809,0
30,15,4.18879020478639,0
-20,-15,3.14159265358979,0
-20,-15,2.61799387799149,0
-20,-15,2.0943951023932,0
-20,-20,3.66519142918809,0
30,15,3.66519142918809,0
-20,-20,3.14159265358979,0
-20,-20,2.61799387799149,0
-20,-20,2.0943951023932,0
5,-5,1.5707963267949,0
5,-5,0.523598775598299,0
-20,-25,3.66519142918809,0
30,15,3.14159265358979,0
-20,-25,3.14159265358979,0
5,-10,4.71238898038469,0
30,15,2.61799387799149,0
-20,-25,2.61799387799149,0
5,-10,4.18879020478639,0
30,15,2.0943951023932,0
5,-10,3.14159265358979,0
30,10,4.18879020478639,0
-20,-30,4.18879020478639,0
-20,-30,3.66519142918809,0
5,-10,2.61799387799149,0
30,10,3.66519142918809,0
-20,-30,3.14159265358979,0
30,10,3.14159265358979,0
-25,30,3.14159265358979,0
30,10,2.0943951023932,0
5,-10,2.0943951023932,0
-25,30,2.61799387799149,0
30,10,1.5707963267949,0
-25,30,0,0
-25,25,3.14159265358979,0
5,-10,1.5707963267949,0
30,5,4.71238898038469,0
5,-15,4.71238898038469,0
-25,25,2.61799387799149,0
-25,20,3.66519142918809,0
-25,20,3.14159265358979,0
30,5,4.18879020478639,0
-25,20,2.61799387799149,0
-25,15,3.66519142918809,0
30,5,3.66519142918809,0
-25,15,3.14159265358979,0
-25,15,2.61799387799149,0
30,5,3.14159265358979,0
-25,10,3.66519142918809,0
30,5,1.0471975511966,0
-25,10,3.14159265358979,0
-25,10,2.61799387799149,0
5,-15,4.18879020478639,0
-25,5,3.66519142918809,0
-25,5,3.14159265358979,0
-25,5,2.61799387799149,0
30,0,5.75958653158129,0
-25,0,3.66519142918809,0
5,-15,3.66519142918809,0
30,0,5.23598775598299,0
-25,0,3.14159265358979,0
30,0,4.71238898038469,0
-25,0,2.61799387799149,0
30,0,4.18879020478639,0
5,-15,3.14159265358979,0
-25,-5,3.66519142918809,0
-25,-5,3.14159265358979,0
-25,-5,2.61799387799149,0
30,0,3.66519142918809,0
30,0,3.14159265358979,0
-25,-10,3.66519142918809,0
5,-15,2.61799387799149,0
-25,-10,3.14159265358979,0
-25,-10,2.61799387799149,0
30,0,2.61799387799149,0
5,-15,2.0943951023932,0
-25,-15,3.66519142918809,0
-25,-15,3.14159265358979,0
5,-15,0.523598775598299,0
30,0,2.0943951023932,0
-25,-15,2.61799387799149,0
30,0,1.5707963267949,0
5,-20,4.18879020478639,0
-25,-20,3.66519142918809,0
-25,-20,3.14159265358979,0
5,-20,3.14159265358979,0
-25,-20,2.61799387799149,0
-25,-25,3.66519142918809,0
-25,-25,3.14159265358979,0
-25,-30,4.18879020478639,0
30,0,0.523598775598299,0
30,-5,5.23598775598299,0
5,-20,2.61799387799149,0
-25,-30,3.66519142918809,0
30,-5,4.18879020478639,0
-25,-30,3.14159265358979,0
30,-5,3.66519142918809,0
-30,30,2.61799387799149,0
-30,25,3.14159265358979,0
5,-20,2.0943951023932,0
-30,25,2.61799387799149,0
-30,20,3.14159265358979,0
-30,20,2.61799387799149,0
30,-5,3.14159265358979,0
-30,15,3.14159265358979,0
30,-5,2.61799387799149,0
-30,10,3.14159265358979,0
5,-25,3.14159265358979,0
30,-5,2.0943951023932,0
-30,5,3.14159265358979,0
5,-25,2.61799387799149,0
30,-5,1.5707963267949,0
-30,0,3.14159265358979,0
30,-5,1.0471975511966,0
30,-10,4.71238898038469,0
-30,-5,3.14159265358979,0
5,-30,3.14159265358979,0
-30,-10,3.14159265358979,0
5,-30,2.61799387799149,0
-30,-15,3.14159265358979,0
30,-10,4.18879020478639,0
30,-10,3.66519142918809,0
-30,-20,3.66519142918809,0
-30,-20,3.14159265358979,0
-30,-25,3.66519142918809,0
30,-10,3.14159265358979,0
-30,-25,3.14159265358979,0
0,30,3.14159265358979,0
-30,-30,3.66519142918809,0
15,30,5.23598775598299,0
30,-10,2.61799387799149,0
30,-10,2.0943951023932,0
30,-10,1.5707963267949,0
0,30,2.61799387799149,0
15,30,3.14159265358979,0
30,-15,4.18879020478639,0
0,25,4.71238898038469,0
15,25,5.23598775598299,0
0,25,4.18879020478639,0
30,-15,3.66519142918809,0
15,25,3.66519142918809,0
0,25,3.66519142918809,0
0,25,3.14159265358979,0
15,25,3.14159265358979,0
30,-15,3.14159265358979,0
30,-15,2.0943951023932,0
0,20,4.18879020478639,0
0,20,3.66519142918809,0
15,25,2.0943951023932,0
15,20,4.18879020478639,0
30,-20,3.66519142918809,0
30,-20,3.14159265358979,0
0,20,3.14159265358979,0
0,20,2.0943951023932,0
15,20,3.66519142918809,0
0,15,4.71238898038469,0
15,20,3.14159265358979,0
0,15,4.18879020478639,0
0,15,3.66519142918809,0
15,15,5.75958653158129,0
15,15,4.71238898038469,0
15,15,4.18879020478639,0
0,15,3.14159265358979,0
0,15,2.61799387799149,0
15,15,3.66519142918809,0
0,15,2.0943951023932,0
15,15,3.14159265358979,0
0,10,4.71238898038469,0
0,10,4.18879020478639,0
15,15,2.61799387799149,0
15,15,0,0
15,10,4.18879020478639,0
15,10,3.66519142918809,0
0,10,3.66519142918809,0
15,10,3.14159265358979,0
15,10,2.61799387799149,0
0,10,3.14159265358979,0
15,10,2.0943951023932,0
0,10,2.61799387799149,0
15,10,1.5707963267949,0
0,10,2.0943951023932,0
0,10,1.5707963267949,0
15,5,5.75958653158129,0
0,5,5.23598775598299,0
0,5,4.71238898038469,0
15,5,4.18879020478639,0
15,5,3.66519142918809,0
0,5,4.18879020478639,0
0,5,3.66519142918809,0
0,5,3.14159265358979,0
15,5,3.14159265358979,0
0,5,2.61799387799149,0
15,5,2.61799387799149,0
15,5,2.0943951023932,0
0,5,2.0943951023932,0
0,5,1.5707963267949,0
0,5,1.0471975511966,0
0,0,5.75958653158129,0
0,0,5.23598775598299,0
0,0,4.71238898038469,0
0,0,4.18879020478639,0
0,0,3.66519142918809,0
15,5,1.5707963267949,0
15,0,5.75958653158129,0
0,0,3.14159265358979,0
15,0,5.23598775598299,0
0,0,2.61799387799149,0
0,0,2.0943951023932,0
0,0,1.5707963267949,0
0,0,1.0471975511966,0
0,0,0.523598775598299,0
0,-5,5.23598775598299,0
15,0,4.18879020478639,0
0,-5,4.71238898038469,0
0,-5,4.18879020478639,0
15,0,3.66519142918809,0
0,-5,3.66519142918809,0
15,0,3.14159265358979,0
15,0,2.61799387799149,0
0,-5,3.14159265358979,0
15,0,2.0943951023932,0
15,0,1.5707963267949,0
15,0,1.0471975511966,0
0,-5,2.61799387799149,0
15,0,0.523598775598299,0
15,-5,5.23598775598299,0
0,-5,2.0943951023932,0
15,-5,4.71238898038469,0
0,-5,1.5707963267949,0
0,-5,1.0471975511966,0
0,-5,0.523598775598299,0
0,-10,4.71238898038469,0
0,-10,4.18879020478639,0
15,-5,4.18879020478639,0
0,-10,3.14159265358979,0
15,-5,3.66519142918809,0
15,-5,3.14159265358979,0
0,-10,2.61799387799149,0
0,-10,2.0943951023932,0
0,-10,1.5707963267949,0
15,-5,2.61799387799149,0
0,-15,4.18879020478639,0
15,-5,2.0943951023932,0
0,-15,3.66519142918809,0
15,-5,1.5707963267949,0
0,-15,3.14159265358979,0
15,-5,1.0471975511966,0
15,-10,4.71238898038469,0
0,-15,2.61799387799149,0
15,-10,4.18879020478639,0
15,-10,3.66519142918809,0
0,-15,2.0943951023932,0
0,-15,1.5707963267949,0
15,-10,3.14159265358979,0
0,-20,4.18879020478639,0
15,-10,2.61799387799149,0
0,-20,3.66519142918809,0
15,-10,2.0943951023932,0
15,-10,1.5707963267949,0
15,-15,3.66519142918809,0
0,-20,3.14159265358979,0
0,-20,2.61799387799149,0
-20,15,3.66519142918809,0
15,20,3.14159265358979,0
-20,15,2.61799387799149,0
15,15,3.66519142918809,0
-20,10,3.66519142918809,0
-20,10,3.14159265358979,0
15,10,4.18879020478639,0
15,10,2.61799387799149,0
15,10,2.0943951023932,0
-30,-5,3.14159265358979,0
0,-20,2.61799387799149,0
0,-15,2.61799387799149,0
0,-15,3.14159265358979,0
0,-5,2.61799387799149,0
0,0,2.61799387799149,0
5,-20,3.14159265358979,0
5,-15,2.61799387799149,0
5,-5,2.61799387799149,0
